company_id,defaulted,n_transactions,total_volume,total_inflow,total_outflow,mean_txn,median_txn,std_txn,cv_txn,skewness,kurtosis,max_daily_volume,min_daily_volume,active_days,active_days_ratio,top_5_concentration,days_since_last_txn,mean_daily_inflow,mean_daily_outflow,cv_daily_net
SME-00001,0,1493,-189698.40999999997,913649.5900000001,-1103348.0,-127.0585465505693,-452.84,1745.4740177163583,13.737556938144728,0.011970448322901716,2.935541920340704,9242.03,-10761.28,509,0.9339449541284404,0.02163667929816416,0,2559.242549019608,2519.0593607305937,7.527306476793921
SME-00002,0,1552,-335474.91,880361.82,-1215836.73,-216.1565141752577,-484.225,1718.5267756237265,7.9503816120496875,0.015289314634909035,2.535283835859179,9001.48,-14220.279999999999,511,0.9376146788990826,0.019849818138649125,0,2418.5764285714286,2672.168637362637,4.4147946524111745
SME-00003,0,780,-277063.38,597190.05,-874253.4299999999,-355.20946153846154,-664.725,2417.920546872011,6.8070274265771555,-0.12622976299550887,2.907628404711134,12706.550000000001,-10712.13,419,0.7688073394495413,0.037585235689786736,0,2654.1780000000003,2715.072763975155,4.83481758977791
SME-00004,0,828,-276061.64,610858.04,-886919.6799999999,-333.40777777777777,-693.4200000000001,2283.030766263472,6.847563009718245,0.1732460925136365,1.770742083444567,10512.06,-13972.470000000001,428,0.7867647058823529,0.030684112459624515,0,2802.1011009174313,2608.5872941176467,5.235005735211108
SME-00005,0,1473,-170443.7,415218.2,-585661.9,-115.71194840461644,-238.89,938.27088863678,8.108677639372866,-2.320183318999377,36.7667338685664,5170.420000000001,-12995.56,513,0.9412844036697248,0.03120263855780528,0,1210.5486880466472,1292.8518763796908,4.776340938136317
SME-00006,1,2777,-324000.06999999995,615088.24,-939088.31,-116.67269355419516,-146.9,869.2255580733598,7.450119917473229,-0.7712066336711998,19.816549393934363,4943.099999999999,-10156.51,541,0.9926605504587156,0.02311389269127757,0,1404.3110502283105,1792.1532633587785,3.268510560448515
SME-00007,0,1584,-348739.37,895893.11,-1244632.48,-220.16374368686868,-469.68,1787.78344511803,8.120244574241674,-0.1573349635985415,4.809766200969131,16564.28,-14993.42,492,0.9027522935779817,0.02382626035318737,0,2604.3404360465115,2908.0198130841122,4.627566158122514
SME-00008,0,1433,-163645.21999999997,394506.69999999995,-558151.92,-114.19764131193298,-248.87,894.6724273061413,7.834421245727195,-0.39305913677580595,7.298235716308447,6824.99,-11140.36,512,0.9394495412844037,0.02965581731680547,0,1213.866769230769,1240.3375999999998,4.706818070304858
SME-00009,0,1486,-121592.52,455412.06,-577004.5800000001,-81.82538358008075,-224.57,931.5541262867334,11.384659448312165,-0.5997998211877392,6.7906361912460085,5684.28,-10063.35,511,0.9376146788990826,0.0254902613735478,0,1327.7319533527698,1279.3893126385808,6.789557398448937
SME-00010,0,4654,-274600.04000000004,492666.39,-767266.4299999999,-59.00301675977654,-104.03,348.2303875596022,5.901908185091264,-0.33563813770422357,3.7053495591695533,4531.02,-5283.05,545,1.0,0.008995828841096464,0,993.2790120967742,1407.8283119266055,2.2088099806738932
SME-00011,0,1317,-121181.83999999998,321703.4,-442885.24000000005,-92.01354593773726,-219.44,735.4697366103595,7.993059381800472,-0.06282091288571333,2.7850794844125923,4331.35,-3974.62,509,0.9356617647058824,0.024407385911462142,1,1018.0487341772152,1015.7918348623855,4.977440906822897
SME-00012,0,1500,-310365.61,860872.26,-1171237.87,-206.91040666666666,-468.43,1807.9752861990783,8.73796207414416,0.9258408433994919,12.166985025133744,19965.12,-10208.869999999999,489,0.8988970588235294,0.02728455470078287,0,2640.71245398773,2667.967813211845,4.881631327531048
SME-00013,0,1563,-399191.0,833980.8200000001,-1233171.8199999998,-255.40051183621242,-472.16,1739.9023915062041,6.812446768399581,-0.7503283958276501,7.665899641879756,12211.91,-12983.859999999999,513,0.9412844036697248,0.027323787758604997,0,2382.8023428571432,2698.4066083150983,3.878682203936989
SME-00014,0,850,-167644.84000000003,683856.3099999999,-851501.1500000001,-197.2292235294118,-642.085,2277.3132026400312,11.546530285358179,0.5079575781850599,3.4282043006860405,16093.619999999999,-12455.59,424,0.7779816513761468,0.03195074845958023,0,3025.9128761061947,2468.119275362319,8.489358191375148
SME-00015,0,1279,-152287.18,305452.58,-457739.76,-119.06738076622361,-217.88,876.3989649351363,7.360529469073098,-4.885078510114712,86.036720376342,4061.5,-17844.61,486,0.8917431192660551,0.04024355118658554,0,1001.4838688524591,1079.5749056603775,4.7004447598695265
SME-00016,0,3155,-201284.49,567753.36,-769037.85,-63.7985705229794,-157.47,565.1254049611321,8.85796343599237,0.9154874946814164,18.78390885610889,11439.03,-6829.3,545,1.0,0.018517237258015785,0,1195.2702315789472,1453.75775047259,3.876783703701324
SME-00017,0,3112,-184457.25,570867.06,-755324.31,-59.27289524421594,-151.03,543.7872260251349,9.1742983666417,0.08571426043558487,2.7068677467083004,3365.01,-4332.54,543,0.9963302752293578,0.011151844548649113,0,1227.6710967741935,1417.118780487805,3.6479284188644874
SME-00018,0,4688,-206730.63,530595.5900000001,-737326.22,-44.09783063139932,-96.4,349.7532013206126,7.93130175141938,-0.14294850662676167,3.7989594106992044,2892.4500000000003,-5042.73,545,1.0,0.009004088351473346,0,1056.963326693227,1360.380479704797,2.6781109834141494
SME-00019,0,1469,-138106.03999999998,441635.85000000003,-579741.8899999999,-94.01364193328794,-255.19,898.7818963696567,9.560122104485986,0.5976424883843378,5.8474806148308325,6711.700000000001,-7496.7,505,0.926605504587156,0.026080047524826615,0,1295.1197947214077,1338.8958198614318,5.543658137753615
SME-00020,0,1442,-204154.51,409959.32999999996,-614113.8400000001,-141.57733009708738,-255.20499999999998,926.8778096988614,6.546795373689066,-0.8379610325630812,5.708695646488895,4077.52,-8714.83,504,0.9247706422018349,0.02819321006134747,0,1227.4231437125748,1402.0863926940642,4.035710856053302
SME-00021,0,1249,-111318.64,275460.48,-386779.12,-89.1262129703763,-213.6,669.5457071791836,7.5123320610708175,-0.0037162108431558977,3.0472772293513923,3095.33,-4518.55,495,0.908256880733945,0.024979735431103784,0,930.6097297297297,893.2543187066974,4.437394012208132
SME-00022,0,1470,-123922.0,447687.51,-571609.51,-84.30068027210885,-250.23000000000002,912.2165207052527,10.820986470818106,0.6096854253515227,7.11798354209817,8520.55,-5323.82,506,0.9284403669724771,0.02478623944176743,0,1320.6121238938053,1299.1125227272728,6.556296761889878
SME-00023,1,2981,-253513.17,643442.85,-896956.02,-85.0429956390473,-144.75,774.1764987424706,9.103354049619215,-0.3202371174826516,13.32316873523407,7309.090000000001,-10242.099999999999,540,0.9908256880733946,0.019351682593742748,0,1469.047602739726,1715.0210707456977,3.802533349051268
SME-00024,0,1365,-153179.87,391949.99,-545129.8600000001,-112.21968498168498,-242.01,924.1829660948721,8.235479953857517,0.9655093388797683,18.127720170133454,11393.3,-8382.97,504,0.9247706422018349,0.031909970105535826,0,1187.7272424242426,1230.5414446952598,4.782715041701939
SME-00025,0,3219,-243767.55000000002,550892.69,-794660.24,-75.72772600186394,-160.18,524.4265639242499,6.925159272725841,-0.06489109153725683,2.1779380959363452,3673.71,-5539.63,544,0.998165137614679,0.010293240563936788,0,1159.774084210526,1513.6385523809524,2.8190781046003193
SME-00026,1,1129,-102274.02999999998,365251.87,-467525.89999999997,-90.58815766164746,-183.24,1150.2073192635244,12.697104665265652,-1.2627806950766458,18.821605259478968,11311.21,-13524.87,468,0.8587155963302753,0.0472306555445158,0,1263.8473010380624,1186.613959390863,8.380036678326453
SME-00027,1,1382,-346525.62,967938.7400000001,-1314464.3599999999,-250.74212735166424,-397.99,2647.019693423587,10.556740988765556,-2.592215020486584,37.32909642845453,19553.58,-37658.72,493,0.9045871559633027,0.047290796266443905,0,3015.3854828660437,3071.178411214953,5.988617208505527
SME-00028,0,3129,-203116.24,568205.29,-771321.53,-64.91410674336849,-152.58,565.5864589856202,8.712843592250454,-0.31466270379892697,11.026594229226948,3894.03,-7218.610000000001,542,0.9944954128440368,0.017076343421029823,0,1246.0642324561404,1458.0747258979206,3.6473797536121317
SME-00029,0,3193,-254340.41,534942.78,-789283.19,-79.65562480425932,-157.69,535.9069958861496,6.727798535295574,-0.24102620309054676,4.559705307577628,3461.32,-6339.08,545,1.0,0.012975542233173393,0,1128.5712658227849,1480.8315009380865,2.734093151045626
SME-00030,0,1474,-157631.06,433531.52,-591162.5800000001,-106.94101763907734,-246.68,915.1982448057369,8.557972095370392,-0.813928810909064,8.796260790369292,4934.709999999999,-9578.98,515,0.944954128440367,0.02878063804602759,0,1290.272380952381,1299.2584175824177,5.102857519703334
SME-00031,0,1562,-382863.0,810890.1,-1193753.1,-245.11075544174136,-478.61,1618.1210963351718,6.60159156793824,0.002795447547949727,2.199173547696722,11684.970000000001,-13551.35,503,0.9229357798165138,0.018947950438262532,0,2406.2020771513357,2670.588590604027,3.884387014708568
SME-00032,1,2751,-384944.32999999996,578197.12,-963141.45,-139.92887313704105,-141.47,857.7007199702548,6.129547824845663,-0.8879628916997777,10.201534678480884,8354.720000000001,-11800.13,538,0.9871559633027523,0.020928802164471887,0,1299.3193707865169,1845.0985632183908,2.9858721053871546
SME-00033,0,4646,-208968.24,512407.41,-721375.6499999999,-44.97809728798967,-95.23,342.73203377052783,7.619976264804031,-0.13803495331495058,3.296785265521649,2977.11,-3786.39,546,1.001834862385321,0.00850255635703087,0,1014.6681386138613,1326.058180147059,2.648756060430938
SME-00034,1,1090,-166135.71000000002,341684.70999999996,-507820.42000000004,-152.41808256880736,-202.465,1247.1333397466794,8.182318782180426,-1.4013718429736444,12.235502586746861,6595.030000000001,-8469.58,483,0.8862385321100917,0.048389878469597934,0,1260.8291881918817,1244.6578921568628,5.264626835406972
SME-00035,0,1490,-220713.23,872658.3200000001,-1093371.55,-148.1296845637584,-424.47,1691.1844093408074,11.416917644301627,0.03632993060001644,3.0679989654945707,13089.02,-9768.039999999999,494,0.9064220183486239,0.02155101539733982,0,2500.4536389684818,2554.606425233645,6.748731872336155
SME-00036,0,818,-323565.56999999995,584323.2,-907888.77,-395.55693154034225,-669.51,2427.293971826267,6.136395998356335,-0.7889787530812244,7.294963572244031,12776.69,-19099.11,422,0.7743119266055046,0.04687259009187549,0,2574.1110132158587,2686.061449704142,4.34770321144642
SME-00037,0,1517,-289820.37,844061.18,-1133881.55,-191.04836519446275,-448.39,1687.4241024910643,8.832444605184048,-0.20022964502119991,2.8864700227959634,13393.08,-13863.27,503,0.9229357798165138,0.02087986642565733,0,2527.1292814371254,2548.048426966292,5.253609811680931
SME-00038,0,3191,-187680.28000000003,576415.8099999999,-764096.0900000001,-58.81550611093702,-144.23,546.927232791142,9.299031309184608,0.0071036616895320676,3.579142241685064,3949.9300000000003,-5081.53,543,0.9963302752293578,0.011870047554221637,0,1231.6577136752137,1444.4160491493385,3.852551812573896
SME-00039,0,1477,-124838.26000000001,434723.2,-559561.46,-84.52150304671632,-241.23,864.3499706329059,10.226391385339735,0.2001791047161618,2.846611150240107,4126.77,-8423.08,511,0.9376146788990826,0.022402286685183296,0,1286.1633136094674,1249.0211160714284,6.174526852496996
SME-00040,0,3241,-260218.6,565710.74,-825929.34,-80.28960197469917,-157.74,569.1117460085796,7.0882372313655,-1.0701373494112483,10.66948292256317,3356.92,-7820.67,542,0.9944954128440368,0.017364791620546025,0,1211.3720342612419,1582.2401149425289,2.9629245619187343
SME-00041,0,3101,-233374.53,542878.7100000001,-776253.24,-75.2578297323444,-159.83,558.9494487879498,7.427126862093444,-0.2648683041116053,5.629586490206757,4589.75,-7470.8099999999995,543,0.9963302752293578,0.013746198778674109,0,1164.9757725321888,1481.3993129770993,3.1665672017140034
SME-00042,0,1241,-114222.84,298341.64,-412564.48,-92.04096696212731,-195.89,743.8639100993257,8.081878479236405,-0.397865068732257,3.6925147750937093,3824.3500000000004,-5620.6900000000005,496,0.9100917431192661,0.027228039617945614,0,968.6416883116883,994.1312771084337,5.1716338105858535
SME-00043,0,1490,-210220.42,831453.27,-1041673.6900000001,-141.0875302013423,-456.69,1606.891164373591,11.389320956149978,0.10474607888946108,2.966061087772144,7827.260000000001,-11753.03,497,0.9136029411764706,0.021331186221354693,0,2431.1499122807018,2367.4402045454544,6.796724683074431
SME-00044,0,1270,-104514.13999999998,307089.78,-411603.92000000004,-82.29459842519684,-217.36,728.9343568215742,8.857620922522056,0.040154378212220815,3.656008368630233,3935.97,-5059.84,496,0.9100917431192661,0.02644753947335283,0,997.0447402597401,973.0589125295508,5.39455318986082
SME-00045,0,804,-232969.7,657268.8099999999,-890238.51,-289.76330845771145,-644.0,2402.8865818033237,8.292584021741334,0.06490980396471446,1.3659981320820291,10066.47,-14209.16,422,0.7743119266055046,0.029719652634664116,0,2882.7579385964914,2705.8921276595743,6.039237079577132
SME-00046,0,3285,-302876.73,562258.36,-865135.0900000001,-92.19991780821917,-163.06,556.1254314977969,6.031734568945798,-0.19875127138570128,2.9323686878987534,4648.21,-5458.29,541,0.9926605504587156,0.011196219234437426,0,1241.1884326710815,1638.5134280303032,2.5800340005153366
SME-00047,0,4760,-212479.19,536865.3700000001,-749344.5599999999,-44.63848529411765,-96.905,348.3437546991516,7.803664313516827,0.05302560727612863,4.593990877179623,4384.67,-4276.55,546,1.001834862385321,0.009318813142734795,0,1050.6171624266146,1382.5545387453874,2.77356784075592
SME-00048,1,1483,-520173.23,917260.8,-1437434.03,-350.75740391099123,-431.9,2687.381043492583,7.661651653045468,-4.625347920179451,77.54139713438457,19202.51,-33665.9,489,0.8972477064220183,0.05146546739562001,0,2866.4399999999996,3281.8128538812784,3.9396216571790545
SME-00049,0,1283,-167597.76,279639.67000000004,-447237.43000000005,-130.6295869056898,-219.11,730.1487751428834,5.589459420629008,-0.5158598954696781,4.557252064732637,2992.92,-4929.27,491,0.9009174311926605,0.025805394061802194,0,929.0354485049834,1040.087046511628,3.2648666711086722
SME-00050,0,1299,-108854.52,319526.22,-428380.74,-83.7987066974596,-195.49,737.4345433747125,8.800070698430817,-0.031022026516567755,2.196351667816593,3935.41,-4622.08,490,0.8990825688073395,0.02173310434228343,0,1030.7297419354838,1000.8895794392523,5.386068019187285
SME-00051,0,4653,-245704.84,528592.97,-774297.81,-52.805682355469585,-100.83,370.8028194337134,7.022024958177742,-1.0544035537982928,9.618118169146245,4133.2,-6808.54,544,0.998165137614679,0.012636063016732686,0,1028.3909922178989,1433.8848333333333,2.5311572983142208
SME-00052,0,1264,-114235.20999999999,307608.94999999995,-421844.16000000003,-90.37595727848101,-204.86,758.1156324848649,8.388465863203379,0.011972643668607485,5.578974819590636,4852.87,-5483.63,487,0.8935779816513761,0.02953911595496522,0,995.4982200647249,1004.3908571428573,5.3453131264457285
SME-00053,0,1563,-429803.62,816247.8300000001,-1246051.4500000002,-274.98632117722326,-502.75,1680.9931341418692,6.113006374082521,-0.5882632041088044,5.279830905844198,8133.9,-12215.09,505,0.926605504587156,0.022916911458166246,0,2400.7289117647056,2787.5871364653244,3.359919994011919
SME-00054,0,1464,-178923.58000000002,409311.55999999994,-588235.14,-122.21556010928963,-244.875,856.2557232557914,7.006110535271419,-0.10894490189787316,1.969353806094916,5195.67,-6416.869999999999,518,0.9504587155963303,0.020279591922864364,0,1186.4103188405797,1301.4051769911503,4.225801340929186
SME-00055,0,1267,-126381.57999999999,312882.32,-439263.89999999997,-99.74868192580898,-214.08,759.173054718529,7.610858008962828,-0.2529806005792113,2.848664633434108,4332.56,-5514.5199999999995,502,0.9211009174311927,0.025425521649234645,0,1006.0524758842444,1009.8020689655173,4.68649554005834
SME-00056,0,1456,-160307.02,427902.01,-588209.03,-110.10097527472527,-245.60500000000002,900.1484694544444,8.175662996702647,0.24702519294469197,2.7879661272605434,5409.849999999999,-5263.280000000001,516,0.9467889908256881,0.021928558122939007,0,1284.991021021021,1287.1094748358862,4.751582190039292
SME-00057,0,839,-334705.1,613762.5299999999,-948467.63,-398.9333730631704,-735.64,2576.2084725697264,6.457741183166915,-2.24077361631503,29.76039948754982,14814.12,-37795.76,431,0.7908256880733945,0.04754039571224256,0,2868.049205607477,2749.181536231884,5.0255663496565814
SME-00058,0,1528,-388272.11,795292.4299999999,-1183564.54,-254.1047840314136,-473.845,1630.384523970036,6.416189802111244,-0.3131867560711601,2.8802022007442476,8994.81,-12309.98,498,0.9137614678899083,0.019232749297691788,0,2345.9953687315638,2665.685900900901,3.714368596139602
SME-00059,0,1245,-103045.89,294569.74,-397615.63,-82.76778313253013,-194.56,706.5172900547925,8.536138861222089,-0.16926955845369887,2.185484441385527,3905.99,-6451.969999999999,486,0.8917431192660551,0.023175468155300655,0,991.8173063973063,960.4242270531402,5.465445486669462
SME-00060,0,1528,-195291.17,421845.5,-617136.6699999999,-127.80835732984293,-241.365,856.2279849073827,6.699311397122977,-0.2045295262079884,2.2560510663212687,5469.66,-5951.95,509,0.9339449541284404,0.02004279823204281,0,1233.4663742690059,1335.7936580086578,3.810432467905917
SME-00061,0,1454,-134613.28000000003,406656.39,-541269.6699999999,-92.58134800550208,-244.8,828.8507812659656,8.952675664397404,0.021397071881093136,2.7952170462916515,4557.49,-7198.6,504,0.9247706422018349,0.021488669696452908,0,1203.1254142011835,1216.3363370786517,5.139331832308243
SME-00062,0,1256,-112808.4,325987.11,-438795.51,-89.8156050955414,-208.70999999999998,788.4890554863681,8.778976155063615,-0.21406459496969957,3.262561558237704,4488.99,-7232.67,487,0.8968692449355433,0.02594020768934315,1,1038.17550955414,1080.777118226601,5.619711384584389
SME-00063,0,4712,-257332.2,519806.01,-777138.21,-54.61209677419355,-100.95,357.6927720167426,6.5496985676215065,-0.5521907126568107,6.103173471269265,3134.7000000000003,-5264.54,546,1.001834862385321,0.010722481187355921,0,1025.258402366864,1433.834335793358,2.3518190272613673
SME-00064,1,1217,-105397.88000000002,384940.04000000004,-490337.92000000004,-86.60466721446181,-167.52,1107.87488083245,12.792323052162825,0.48816659348091385,11.958845646040112,9829.970000000001,-6832.95,481,0.8825688073394495,0.040200441011904384,0,1300.4731081081081,1207.7288669950738,8.289128801172254
SME-00065,0,3365,-209062.60000000003,607307.1399999999,-816369.74,-62.128558692422004,-147.62,551.4631156233005,8.876161418026973,-0.23202273528275877,5.1593898449054745,4613.700000000001,-7181.55,542,0.9944954128440368,0.013198943007348692,0,1278.5413473684212,1546.1548106060607,3.47170106316403
SME-00066,0,4621,-280906.27,501629.24,-782535.51,-60.789065137416145,-109.42,353.3848700022189,5.813296671093363,-0.15802885661592714,2.8288190343885073,3253.38,-5292.3,546,1.001834862385321,0.00819154240139359,0,1003.25848,1435.8449724770642,2.0613557510731066
SME-00067,1,1197,-113441.94,396977.46,-510419.4,-94.77187969924812,-188.79,1220.932364077031,12.882854787217198,0.7604083944737365,17.995363389742046,12454.72,-8796.92,480,0.8807339449541285,0.04792369460039788,0,1498.028150943396,1229.926265060241,7.803501600866356
SME-00068,0,3136,-252332.15999999997,535007.07,-787339.23,-80.46306122448979,-161.79,539.5314837449521,6.705331310222881,-0.1274079612824516,4.413000981324513,4722.150000000001,-7265.84,540,0.9908256880733946,0.013049267049032469,0,1183.6439601769912,1494.0023339658446,3.110613749254572
SME-00069,1,2861,-346183.6,649133.07,-995316.6699999999,-121.00090877315623,-145.93,879.3444625688913,7.267255027128952,-1.2130468358263904,18.95746638410837,7037.459999999999,-15468.65,544,0.998165137614679,0.02192686047066419,0,1429.8085242290751,1874.41934086629,3.2938769787412543
SME-00070,0,4646,-204564.96000000002,532418.25,-736983.21,-44.03034007748602,-95.285,354.11046650229366,8.042419519792912,-0.537431153461073,6.516636546420093,2651.1099999999997,-5035.280000000001,545,1.0,0.009986194595994874,0,1066.9704408817636,1357.2434806629833,2.7247770113933973
SME-00071,0,4643,-199899.8,536363.3400000001,-736263.1399999999,-43.054016799483094,-96.69,353.97326053868335,8.221608269148376,-0.19678566848490006,4.126300128819735,3595.93,-3937.52,545,1.0,0.009225982787974048,0,1062.1056237623764,1363.4502592592594,2.9197035702699874
SME-00072,0,1299,-144721.88999999998,310436.24999999994,-455158.13999999996,-111.41023094688221,-223.73,739.0569463289347,6.63365419896939,-0.039501184136744846,1.2954954620613277,3729.6799999999994,-4282.96,502,0.9211009174311927,0.019598040680522753,0,988.6504777070064,1041.5518077803204,4.077489178362662
SME-00073,1,1155,-172885.35,328594.06,-501479.41000000003,-149.68428571428572,-215.93,1061.972824418808,7.0947515923340125,-0.20112261120044644,6.931269086469783,4479.73,-11765.380000000001,490,0.8990825688073395,0.036307400596720676,0,1199.248394160584,1179.9515529411765,4.5801516535672455
SME-00074,0,1469,-216727.50999999998,395560.19999999995,-612287.71,-147.5340435670524,-255.87,877.735553138246,5.949376373862661,-0.22659854814007166,2.9404844321455554,4099.7,-7527.179999999999,511,0.9376146788990826,0.022392942204940425,0,1187.8684684684683,1375.927438202247,3.6147005331218662
SME-00075,0,793,-279307.47,606359.15,-885666.62,-352.2162295081967,-642.66,2607.6871704410523,7.403654210035108,-1.7413284661553794,12.226998989923304,9543.220000000001,-20531.32,425,0.7798165137614679,0.05612518341422481,0,2694.929555555555,2643.7809552238805,5.314012569502415
SME-00076,0,823,-293701.88,626569.6499999999,-920271.53,-356.8674119076549,-684.84,2378.7358982041987,6.665601337730816,0.01721616774156063,2.1415322568592163,10094.84,-18566.73,428,0.7853211009174312,0.03152675958626858,0,2784.754,2722.6968343195267,4.629519206930303
SME-00077,0,1297,-175544.32,281270.67,-456814.99,-135.3464302235929,-233.02,725.306817690026,5.358891375944057,-0.14973001038901187,3.519253363736901,3300.17,-8011.710000000001,504,0.9247706422018349,0.02415955351307056,0,947.0392929292931,1050.1494022988506,3.5610731972585
SME-00078,0,1520,-295260.66000000003,843986.03,-1139246.69,-194.25043421052635,-472.46500000000003,1679.2106425372833,8.644565709013419,-0.09600354896659533,3.1503478321858784,8508.99,-10822.619999999999,503,0.9229357798165138,0.021793428256871434,0,2519.3612835820895,2537.297750556793,4.9810794105304215
SME-00079,0,3115,-281364.76,541893.2799999999,-823258.04,-90.32576565008026,-160.63,574.4034092365167,6.359242073427211,-0.5426884352111028,6.356894288421644,3254.87,-10959.17,545,1.0,0.01505474133079987,0,1183.1731004366814,1568.1105523809524,2.748109352052019
SME-00080,0,1296,-97170.46,319589.5,-416759.95999999996,-74.97720679012346,-213.99,726.6871611938176,9.692107672508575,-0.07933134156003988,4.546652820254881,4622.28,-7440.42,503,0.9229357798165138,0.026064091905492807,0,1017.8009554140127,976.0186416861826,6.0665831247374715
SME-00081,1,4307,-259491.78999999998,596326.52,-855818.3099999999,-60.2488483863478,-94.93,536.9534547322351,8.912260883212284,-1.6890635372856304,29.47870365689873,5313.66,-8305.6,545,1.0,0.01929953501952006,0,1214.5142973523423,1593.702625698324,3.175501932928417
SME-00082,0,1241,-171082.49,267338.32,-438420.81,-137.8585737308622,-225.49,742.2068306120863,5.383827864497408,-0.7435773194159436,10.205712831705036,4101.7300000000005,-8272.46,496,0.9100917431192661,0.029178892804404808,0,900.1290235690236,1024.3476869158876,3.487534765897653
SME-00083,0,831,-312428.23,621899.78,-934328.01,-375.9665824308062,-701.35,2538.78826586159,6.752696607892895,-1.7112638722490936,16.818246178311306,14700.130000000001,-26594.03,408,0.7486238532110092,0.048125024165003506,0,2852.751284403669,2797.3892514970057,4.731152639505594
SME-00084,0,1250,-149145.24,293073.20999999996,-442218.45,-119.31619199999999,-223.25,754.3867644782184,6.32258498895287,-0.4592520439352928,4.134586901050046,3600.38,-6740.85,485,0.8899082568807339,0.02879095623089211,0,980.1779598662206,1035.6403981264637,3.966989582913929
SME-00085,0,4662,-241994.22999999998,519174.92,-761169.15,-51.90781424281424,-102.555,358.08255501737636,6.898432543168524,-0.39726138021553503,5.222804836344677,3448.73,-4362.28,546,1.001834862385321,0.010268263280197799,0,1026.037391304348,1409.5724999999998,2.430252184782835
SME-00086,0,1255,-124300.61,289085.2,-413385.81000000006,-99.04431075697211,-208.39,716.5473814005663,7.234614244111198,-0.12372945664521852,2.169254402247639,3113.4700000000003,-4409.06,498,0.9137614678899083,0.022944235093772768,0,966.8401337792643,974.966533018868,4.410001263191755
SME-00087,1,4430,-232738.07999999996,625701.75,-858439.8300000001,-52.536812641083515,-91.41499999999999,529.0374855550162,10.069843581285548,-1.4670364408388774,28.481940723069794,5216.84,-12012.779999999999,542,0.9944954128440368,0.019809936192206137,0,1274.341649694501,1601.5668470149255,3.586221995983488
SME-00088,0,1496,-196441.56000000003,417099.07,-613540.63,-131.31120320855618,-244.26999999999998,910.6731029558559,6.935227769632659,-0.4686703476498892,4.761525505740797,5504.16,-7337.72,506,0.9284403669724771,0.025835245818689113,0,1260.1180362537764,1384.9675620767491,4.3036116638500355
SME-00089,0,813,-265033.57,586820.86,-851854.4299999999,-325.9945510455105,-705.12,2242.32977362962,6.8784271590986785,0.3423791326900688,2.1980885752254498,11179.47,-13584.81,423,0.7761467889908257,0.03164376306205968,0,2742.1535514018688,2490.8024269005846,5.040233753001673
SME-00090,0,1530,-161139.73,435910.77,-597050.5,-105.32008496732027,-245.125,853.901023766109,8.107675036827644,-0.3658894123440683,4.17201046405419,3734.4700000000003,-6815.700000000001,513,0.9412844036697248,0.023038811513233216,0,1245.459342857143,1309.3212719298247,4.748029737108478
SME-00091,0,1287,-127233.14,296818.29,-424051.43,-98.86024864024864,-208.63,730.8048747872762,7.392302617472338,-0.6552246115857783,6.954261100807635,4130.91,-7391.320000000001,492,0.9027522935779817,0.029085505214451236,0,966.8348208469055,972.5950229357798,4.474185015365424
SME-00092,0,1478,-170721.79000000004,434165.58,-604887.37,-115.50865358592695,-260.12,893.302000222491,7.73363702623339,-0.03775886309502661,2.605934719997962,6264.16,-6742.93,503,0.9246323529411765,0.021646461809285082,0,1344.1658823529413,1329.4227912087908,4.295793414467608
SME-00093,0,3160,-228763.43,552723.48,-781486.91,-72.39349050632912,-155.59,542.2045965657293,7.489687163493328,-0.22251188219561688,3.202228755736785,4040.76,-5774.8,541,0.9926605504587156,0.011708565693301186,0,1196.3711688311687,1477.2909451795842,3.0911600440831966
SME-00094,0,3158,-259421.83,528613.3500000001,-788035.1799999999,-82.14750791640279,-155.70499999999998,527.0131734045502,6.415449315161988,-0.113451107160136,2.1551825188956046,4757.92,-5680.860000000001,545,1.0,0.01028784804096504,0,1124.7092553191492,1492.4908712121212,2.6536770766266664
SME-00095,0,1333,-154261.52000000002,312037.62,-466299.14,-115.72507126781697,-201.31,740.0127457670486,6.394575848257398,-0.33814541383732666,2.996627190369666,5036.28,-5579.29,497,0.9119266055045872,0.022641086616543717,0,978.1743573667711,1104.9742654028437,3.993724833611424
SME-00096,1,4210,-222033.29000000004,593216.63,-815249.92,-52.739498812351556,-88.78999999999999,515.6359137384703,9.777034771853174,-0.6725663178662434,16.20496883147969,6202.4,-8785.36,545,1.0,0.01653417328228349,0,1188.810881763527,1512.5230426716141,3.584365381413519
SME-00097,0,3162,-250299.33999999997,565790.12,-816089.46,-79.1585515496521,-154.33,554.4416221552642,7.004191098765765,-0.10079651697177468,1.747798904893691,4253.6,-5119.889999999999,544,0.998165137614679,0.009698573011694694,0,1251.748053097345,1551.500874524715,3.0782684583268622
SME-00098,1,1371,-444908.28,898898.17,-1343806.4500000002,-324.5136980306346,-435.47,2476.611360310925,7.631762157778404,-0.28954407772552304,6.974768129459699,15670.489999999998,-17568.41,489,0.8972477064220183,0.031220130094528453,0,2966.660627062706,3075.0719679633867,4.285548525036173
SME-00099,0,4790,-214937.65000000002,543380.3400000001,-758317.99,-44.872160751565765,-100.68,351.9224031475621,7.842778178121991,-0.24851612661466896,5.514372501310035,3364.86,-4848.09,546,1.001834862385321,0.009077579441927993,0,1067.5448722986248,1399.1106826568266,2.8484866427886537
SME-00100,0,1419,-210230.98,380043.73,-590274.71,-148.15431994362228,-258.85,883.9428812014215,5.96636589157705,-0.17775081205381826,4.907298337613211,6856.58,-11070.869999999999,506,0.9284403669724771,0.025588857200322817,0,1191.3596551724138,1277.6508874458873,3.763717727177402
SME-00101,0,863,-299472.45,633409.1000000001,-932881.55,-347.0132676709154,-710.72,2242.325806323047,6.461786955216714,0.08053166568716748,1.209204909227088,7954.27,-11069.25,429,0.7886029411764706,0.02851507158010552,1,2778.110087719298,2650.2316761363636,4.381507982506854
SME-00102,1,4325,-262889.19000000006,572240.9,-835130.0900000001,-60.78362774566475,-94.22,479.22694725668475,7.884145205381633,-0.4803263403916867,11.603723426006209,4515.66,-6404.360000000001,545,1.0,0.014248368157709431,0,1179.878144329897,1540.8304243542434,2.7881819554082106
SME-00103,0,1396,-82261.69999999998,435147.17000000004,-517408.87,-58.926719197707726,-227.78,857.1860875561189,14.546645379664438,0.07873036066971499,1.2999916833242482,5432.9,-4551.23,495,0.908256880733945,0.018809769974268392,0,1322.635775075988,1194.9396535796766,9.094049428904528
SME-00104,0,1458,-147617.0,420678.98000000004,-568295.98,-101.24622770919068,-230.02499999999998,875.4098555486239,8.646345403238744,-0.7805078780521223,6.354608013226699,4536.5,-8307.769999999999,506,0.9284403669724771,0.0253651619248277,0,1212.3313544668588,1297.4794063926943,4.9846099779777395
SME-00105,0,821,-269443.16000000003,597855.28,-867298.44,-328.18898903775886,-590.79,2407.2237776866687,7.3348706327551785,-0.8717441521609499,8.52111465093998,14379.07,-21725.32,418,0.7683823529411765,0.0400180535322942,0,2705.2275113122173,2528.566880466472,5.32213248532043
SME-00106,1,2859,-289608.68,671688.3599999999,-961297.04,-101.2971948233648,-144.76,865.2316476324918,8.541516368160286,0.1844730453585172,7.5022907562218055,7594.09,-13821.7,541,0.9926605504587156,0.016736659127509653,0,1499.3043749999997,1820.6383333333333,3.708690527417602
SME-00107,0,813,-280458.11,590719.73,-871177.8400000001,-344.9669249692497,-703.57,2243.793771655901,6.504373634822852,-0.07331336662307779,1.179655070359349,12176.88,-11068.710000000001,428,0.7867647058823529,0.028474813047264312,1,2492.4883122362867,2577.4492307692312,4.536219114872529
SME-00108,0,1524,-233389.23,839414.8300000001,-1072804.06,-153.14253937007874,-442.595,1593.1076335577936,10.402776655726905,-0.4830502308467899,5.00774042429023,9887.02,-15375.83,505,0.926605504587156,0.02204660262507918,0,2357.9068258426964,2432.662267573696,5.911492513472111
SME-00109,0,1477,-176096.12,433719.31999999995,-609815.44,-119.22553825321597,-245.37,935.2226492998044,7.8441470091209915,-0.6097445931165856,5.800716970700323,6972.5199999999995,-8644.94,506,0.9284403669724771,0.02783293006933473,0,1287.0009495548964,1346.170949227373,4.6030074629455715
SME-00110,1,1452,-260197.55,487691.12,-747888.6699999999,-179.19941460055097,-244.405,1336.2552473298438,7.456805873548514,-1.8640065082361008,24.034128508367335,10309.24,-18104.97,506,0.9284403669724771,0.04329579557140539,0,1519.2869781931463,1625.8449347826086,4.4066816570108935
SME-00111,0,1346,-162172.82,307898.13,-470070.94999999995,-120.4850074294205,-213.53,746.2930189349993,6.194073726327932,-0.3946094310164321,3.186917209145265,4552.6,-6055.45,506,0.9284403669724771,0.02399828024013499,0,986.8529807692308,1056.339213483146,3.8955467365018737
SME-00112,0,1542,-266423.5,817922.59,-1084346.0899999999,-172.7778858625162,-459.075,1538.8690119715516,8.906631796595018,-0.03134506886401795,1.6910669136640584,7700.42,-10664.82,503,0.9229357798165138,0.01769608591778949,0,2412.7510029498526,2442.2209234234238,5.058478531110822
SME-00113,0,848,-321952.41,624058.01,-946010.4199999999,-379.6608608490566,-639.365,2409.479265244819,6.346398888356222,-0.700105327386834,7.377869735648286,11636.84,-22070.760000000002,438,0.8036697247706422,0.039333553124178154,0,2713.295695652174,2635.1265181058498,4.53635698353032
SME-00114,0,1298,-163571.39,283234.22,-446805.61000000004,-126.01802003081666,-210.2,741.0540089782097,5.880540011634774,-1.346376298909733,13.867339679244338,3789.38,-9700.5,496,0.9100917431192661,0.03237400074458951,0,937.861655629139,1041.5049184149184,3.7177661332709264
SME-00115,0,1245,-100906.43,315211.93000000005,-416118.36,-81.04934136546184,-198.99,769.3731456060777,9.492651422506642,-0.39510825336513133,6.66550418091507,5567.29,-7056.320000000001,496,0.9117647058823529,0.030702529769415128,0,1016.8126774193548,979.1020235294118,5.890741264177357
SME-00116,0,1299,-146022.81,288308.94,-434331.75,-112.4117090069284,-210.65,742.6086536138619,6.606150375029809,-1.0586120403492436,10.545556092266649,3104.51,-8712.27,503,0.9229357798165138,0.033027976877416085,0,942.1860784313726,996.1737385321101,4.105567106016277
SME-00117,0,4794,-210123.69,538293.8600000001,-748417.55,-43.83055694618273,-96.78,345.30086410618065,7.878085248384083,-0.4911208418972341,9.612485236155747,3266.7400000000002,-6412.6,545,1.0,0.009289954147527143,0,1065.9284356435644,1375.7675551470588,2.7961360861204376
SME-00118,0,4700,-226229.13,520140.6,-746369.73,-48.13385744680851,-100.545,346.75134603280446,7.2038968914135015,-0.3289497635245487,4.796458513072306,3288.92,-5157.69,546,1.001834862385321,0.010015733547155512,0,1009.9817475728156,1384.7304823747681,2.5035045601270864
SME-00119,0,1303,-147082.06,297404.94,-444487.0,-112.87955487336914,-202.14,738.805684144502,6.545079708839312,-0.42441532915163405,4.926911644449052,3985.7799999999997,-5995.85,492,0.9060773480662984,0.027841723149061304,2,1032.6560416666664,1050.7966903073286,4.170684670458529
SME-00120,0,1476,-116380.25999999998,446000.66,-562380.92,-78.84841463414632,-230.82,886.3052356900453,11.240622145701574,0.05860138599712143,5.077122521959476,6193.59,-7850.759999999999,516,0.9467889908256881,0.025049545232668766,0,1263.4579603399434,1236.002021978022,6.551044040651694
SME-00121,0,3202,-235912.13999999998,565735.55,-801647.69,-73.67649594003747,-154.975,551.7801630299005,7.489229176683071,-0.3417380690948643,5.7627672632895575,5497.85,-7448.11,542,0.9944954128440368,0.012964280591884394,0,1219.2576508620689,1509.694331450094,3.048415861300899
SME-00122,0,821,-271828.06,593416.1900000001,-865244.25,-331.0938611449452,-628.93,2271.3443176780497,6.8601221110641735,-0.18592122278474285,2.9558703345364696,7849.68,-14255.730000000001,428,0.7925925925925926,0.03563569599515566,5,2637.405288888889,2522.5779883381924,4.857962346821279
SME-00123,0,1234,-48553.689999999995,322036.25,-370589.93999999994,-39.34658833063209,-179.23000000000002,731.1539883820344,18.582398611999018,0.5860581320356816,3.2215855378836666,5233.4,-4342.68,495,0.908256880733945,0.02597499236926054,0,1045.5722402597403,876.0991489361702,11.845789900198492
SME-00124,0,1262,-105612.72000000002,311232.91000000003,-416845.63,-83.68678288431063,-194.765,744.3695009656918,8.894708044814138,-0.21423673141728755,2.484478055719915,4186.34,-4779.9400000000005,491,0.9009174311926605,0.02417974027911879,0,1033.9963787375416,1004.4473012048193,5.518103548783406
SME-00125,0,4710,-225339.63,539939.95,-765279.5800000001,-47.84280891719745,-101.22999999999999,357.87366065463067,7.480197520885742,-0.2838845296205929,4.218399375440543,3266.85,-4283.0,546,1.001834862385321,0.009859598101477995,0,1046.3952519379843,1406.7639338235294,2.572236939680282
SME-00126,0,822,-339937.95,594300.87,-934238.8200000001,-413.5498175182482,-698.2049999999999,2381.5454484704715,5.758787327636492,-0.666077453754044,3.9636129559079345,8686.54,-16414.489999999998,425,0.7798165137614679,0.03911889262096949,0,2629.6498672566368,2764.020177514793,4.308628963975837
SME-00127,1,1368,-222947.16,498939.91000000003,-721887.07,-162.9730701754386,-256.94500000000005,1359.6968922423296,8.343077115615676,-0.23156058179852165,9.014694696310626,8468.05,-9386.900000000001,501,0.9192660550458716,0.03370730715666195,0,1539.9379938271607,1659.5105057471267,4.821930433516552
SME-00128,0,800,-213711.33,645249.84,-858961.1699999999,-267.1391625,-588.745,2465.0813620785434,9.227704912335883,-0.7471152224604315,5.785045574218664,10808.7,-21447.64,415,0.7642725598526704,0.03910959939058018,1,2893.4970403587436,2626.792568807339,6.722609405473293
SME-00129,0,1469,-150678.99,439402.54000000004,-590081.53,-102.57249149081007,-236.83,925.2018291069734,9.019980071263712,-0.6958584793307855,7.58437055040206,6988.98,-8506.68,495,0.908256880733945,0.02739210913676401,0,1335.5700303951369,1359.6348617511521,5.201624164829756
SME-00130,0,1322,-123436.34999999999,322551.02,-445987.37,-93.37091527987897,-222.29000000000002,741.2485986535819,7.938752623680426,0.22182238660041442,2.4182047777513995,4503.2,-5001.42,486,0.8917431192660551,0.02237620166248299,0,1093.3932881355934,1049.3820470588234,4.895032416165656
SME-00131,0,1290,-92443.72,327646.3,-420090.02,-71.6617984496124,-190.27499999999998,764.1739256716102,10.663616350752404,-0.19418839645431304,4.159437257188561,5752.95,-4598.410000000001,501,0.9209558823529411,0.02715812975354735,1,1067.2517915309445,986.1268075117372,6.524639538788877
SME-00132,0,4568,-194317.97,534252.2200000001,-728570.19,-42.53896015761821,-94.8,357.0376795677563,8.39319245803932,-0.29090018024877407,3.523152821968761,2667.68,-3939.13,546,1.001834862385321,0.009186976654935987,0,1070.6457314629258,1344.225442804428,2.771688012649689
SME-00133,1,2941,-261634.54000000004,594215.6599999999,-855850.2,-88.9610812648759,-138.16,715.1981714893345,8.039450075476015,-0.41570030924365237,7.0211099361208,6136.86,-8006.889999999999,539,0.9889908256880734,0.016485733965214522,0,1338.3235585585587,1636.4248565965584,3.527014679732555
SME-00134,0,3078,-199338.46000000002,561435.8,-760774.26,-64.76233268356076,-154.075,555.8548282237775,8.582995781510437,-0.36633762479378135,3.6993895719533816,3823.61,-6375.429999999999,544,0.998165137614679,0.013109308818902798,0,1223.171677559913,1468.6761776061776,3.5062157781484387
SME-00135,0,4650,-200067.33000000002,542347.5399999999,-742414.8699999999,-43.02523225806452,-97.205,357.86629734694503,8.317591296206603,0.051530186568437567,3.4972921100123235,2329.05,-4630.68,546,1.001834862385321,0.00850649887865259,0,1080.3735856573705,1377.3930797773655,2.859970005338728
SME-00136,0,4572,-220970.09,510759.9,-731729.99,-48.33116579177603,-98.65,346.4482628354787,7.168216556746701,-0.18132328776133894,2.8353857869007735,2675.7,-5589.87,546,1.001834862385321,0.008377814647650776,0,1011.4057425742573,1357.5695547309833,2.594638256143028
SME-00137,0,1270,-120732.0,323579.01,-444311.01,-95.06456692913386,-205.47,801.9162218490819,8.435490191070587,-0.6471047837969602,7.872516535776086,4270.04,-8621.15,502,0.9211009174311927,0.03010916849785338,0,1064.4046381578949,1042.9835915492959,5.187685419710332
SME-00138,0,1467,-221368.22999999998,402229.87,-623598.1000000001,-150.8985889570552,-244.4,919.542283606412,6.093776555247365,-0.6356816808436234,6.2023420119382155,4189.64,-8136.14,512,0.9394495412844037,0.027003835740606674,0,1260.90868338558,1338.1933476394852,3.4731114183606384
SME-00139,0,4670,-260460.19,506549.04,-767009.23,-55.77305995717345,-100.275,352.6942440927316,6.323738456587383,-0.5371875491353102,4.870224285335104,2818.2300000000005,-5094.6900000000005,546,1.001834862385321,0.009922247216847015,0,993.2334117647059,1420.387462962963,2.1899507085582712
SME-00140,0,1308,-144886.27000000002,296372.66,-441258.92999999993,-110.76931957186545,-227.32,716.3313979960188,6.466875491920612,0.16129833168428553,2.333692853050386,3579.8,-5189.16,507,0.9302752293577982,0.02146846774824272,0,997.8877441077442,980.5754,4.012666251683322
SME-00141,0,1496,-162578.56999999998,875265.6,-1037844.1699999999,-108.67551470588234,-402.39,1659.6882992460714,15.271961708558042,-0.14011406574430801,4.783780141793623,8720.36,-13826.76,504,0.9247706422018349,0.025626882873532136,0,2574.3105882352943,2380.376536697248,8.554609906435921
SME-00142,0,3240,-162465.76,622665.3999999999,-785131.1600000001,-50.14375308641976,-147.885,553.4354178403736,11.03697636845333,0.0510192119819862,2.433172223118783,4767.849999999999,-5024.349999999999,543,0.9963302752293578,0.010606830861981933,0,1322.007218683652,1486.9908333333333,4.61977636193924
SME-00143,1,1129,-133218.44,338241.52,-471459.96,-117.99684676705049,-192.58,1179.8783832557026,9.999236552354827,2.2319072212775186,50.685851035248824,17342.3,-10046.9,476,0.875,0.05587809966705261,1,1238.979926739927,1164.0986666666668,6.62162554673617
SME-00144,0,1243,-125985.98999999999,289706.3,-415692.29000000004,-101.3563877715205,-213.64,749.4071147579423,7.393782782070629,0.18658490078187398,6.5266373934838615,5170.549999999999,-6090.13,496,0.9100917431192661,0.031055803499692277,0,962.4794019933556,985.0528199052133,4.670146328263028
SME-00145,0,1264,-104020.45000000001,298352.73,-402373.18000000005,-82.29465981012659,-202.215,761.474192500561,9.25302072160531,-2.0838319217763335,31.494424730332277,3742.8199999999997,-10284.65,490,0.9007352941176471,0.03430894970046134,0,1001.1836577181208,955.7557719714964,5.688256603695133
SME-00146,0,797,-294379.22,581446.75,-875825.97,-369.359121706399,-678.46,2377.4922114327414,6.436803835922573,-0.8505118076544944,9.66813766277734,11491.01,-16930.54,411,0.7541284403669725,0.040546425654629695,0,2595.7444196428573,2719.9564285714287,4.559781137043741
SME-00147,0,850,-277937.42000000004,590310.67,-868248.0900000001,-326.9852000000001,-612.185,2136.269614331358,6.533230294005225,-0.04350116373211864,1.282623950429251,9560.619999999999,-14463.3,431,0.7908256880733945,0.029277188668079445,0,2797.6809004739334,2452.6782203389835,4.680531478457976
SME-00148,0,1482,-387880.29,746866.21,-1134746.5,-261.7275910931174,-491.58500000000004,1645.893288841722,6.288573864022409,-0.08114515620227115,4.685858255365376,11444.03,-11967.76,498,0.9137614678899083,0.025474854493303247,0,2277.0311280487804,2544.27466367713,3.6830247181790265
SME-00149,0,1229,-108657.85,292853.63,-401511.48,-88.41159479251425,-203.15,720.4685595408506,8.149027977966666,0.1095769487041556,2.917307408967977,5654.4400000000005,-6482.55,488,0.8954128440366973,0.025772493090846692,0,1002.923390410959,944.732894117647,5.331740188563051
SME-00150,0,1590,-404006.47,843101.65,-1247108.12,-254.09211949685533,-476.595,1716.9426395549185,6.75716603472296,-0.6553186483105606,8.55874038661747,11972.47,-14958.81,498,0.9171270718232044,0.026547067570160673,1,2450.8768895348835,2789.951051454139,3.8767203309177822
SME-00151,0,3208,-282374.88,545003.6699999999,-827378.55,-88.02209476309227,-161.94,553.913540162096,6.292892047762902,-0.8994076537539449,10.563191752527162,3897.42,-8254.53,543,0.9963302752293578,0.01611798788824297,0,1235.835986394558,1564.042627599244,2.7500447590218453
SME-00152,1,807,-308133.78,725904.9100000001,-1034038.6900000001,-381.8262453531599,-609.76,3326.21559267156,8.711333055681038,-0.1915327886166795,8.70262978666518,21993.829999999998,-20010.920000000002,423,0.7761467889908257,0.054281665617011816,0,3299.5677727272723,2937.6099147727273,6.087701789981441
SME-00153,0,4646,-178461.48,555304.88,-733766.36,-38.41185535944899,-97.42500000000001,358.2078048823387,9.325449175269338,-0.02587859213498093,3.5608653667191694,3068.09,-5668.9800000000005,546,1.001834862385321,0.008929180671193937,0,1074.090676982592,1351.3192633517497,3.1824821040712212
SME-00154,0,1283,-105095.51999999999,323406.42,-428501.94000000006,-81.91388932190178,-212.03,735.0536073518987,8.973491717177728,0.22486344879594344,1.5474607145213284,3576.63,-4648.1900000000005,487,0.8935779816513761,0.020985363163138655,0,1036.5590384615384,1005.8730985915495,5.200748474860495
SME-00155,0,3195,-259790.43,553320.1799999999,-813110.61,-81.311558685446,-152.82,556.1713439168847,6.840003474394521,-0.3863874391102796,6.808022858133169,3862.0299999999997,-6608.3,546,1.001834862385321,0.013957494327246535,0,1235.0896874999999,1531.2817514124297,2.8906365339187072
SME-00156,0,1592,-387211.41000000003,842695.0199999999,-1229906.43,-243.22324748743722,-496.44,1683.1277423615375,6.920094027806586,-0.05086562768746126,3.6426301637692973,9164.81,-11900.240000000002,505,0.926605504587156,0.02052893960872217,0,2471.246392961877,2733.1254000000004,3.9024968985022483
SME-00157,0,1447,-240697.74999999997,398153.33999999997,-638851.0900000001,-166.342605390463,-251.86,977.6441502075521,5.877292518730766,-0.7859992490555451,8.731303968429666,8347.720000000001,-8266.39,512,0.9394495412844037,0.031847916020956636,0,1202.8801812688823,1416.521263858093,3.7083009772278226
SME-00158,0,799,-65893.69,687559.86,-753453.55,-82.4702002503129,-580.37,2297.100416174581,27.85370241860017,0.33533846160800174,3.1502223855848,13923.0,-10336.42,419,0.7716390423572744,0.03638211805398813,0,2950.9006866952786,2347.207320872274,20.61014796789605
SME-00159,0,3200,-259643.75,559059.3500000001,-818703.1000000001,-81.138671875,-158.70499999999998,558.127683877692,6.87868892822806,-0.321154500027942,4.124136561464781,3859.1099999999997,-7504.379999999999,546,1.001834862385321,0.012995324411693756,0,1204.8692887931031,1536.0283302063792,2.7256941575191957
SME-00160,0,4656,-213498.16999999998,537378.56,-750876.73,-45.854417955326454,-97.66499999999999,358.86250035720605,7.826127042040461,-0.660967555718604,7.451633873997254,3115.71,-6255.240000000001,542,0.9944954128440368,0.011271383950614323,0,1068.34703777336,1398.2806890130353,2.7429293991071098
SME-00161,0,1441,-169439.82,422507.68000000005,-591947.5,-117.5848854961832,-250.05,915.7511847724182,7.788000820923055,-0.3950649602602406,3.5208708338129027,5195.910000000001,-6540.1900000000005,506,0.9284403669724771,0.02362480913153798,0,1261.2169552238806,1303.8491189427314,4.596709179582758
SME-00162,1,1419,-513747.64,832738.3200000001,-1346485.96,-362.04907681465824,-492.59,2249.1402193074914,6.212252325280424,-0.3887779152918765,8.86004872809816,12973.939999999999,-26140.460000000003,488,0.8954128440366973,0.032965354075441926,0,2794.42389261745,3168.2022588235295,3.7576846468933347
SME-00163,1,782,-155385.40999999992,791173.6499999999,-946559.06,-198.70257033248072,-583.0,3462.9749227050675,17.42793219489117,0.07081375914814925,11.601103713810987,23391.46,-28797.02,418,0.7669724770642202,0.062238236857496916,0,3596.2438636363636,2834.0091616766467,12.551596332686694
SME-00164,1,1349,-251890.69999999998,457773.06000000006,-709663.76,-186.72401779095625,-217.17,1452.897997608543,7.780991512485076,-3.6649535656933425,53.01408736009665,7670.660000000001,-26150.44,499,0.9155963302752294,0.05292606755370281,0,1471.9390996784564,1598.341801801802,5.0516945889324205
SME-00165,0,1576,-325835.6,851442.13,-1177277.73,-206.74847715736038,-456.505,1661.8367035884169,8.03796345413253,-0.07064523365810706,3.374102054547718,12496.630000000001,-13161.93,512,0.9411764705882353,0.021241227460552393,0,2453.723717579251,2531.780064516129,4.365619075351322
SME-00166,0,1397,-145236.01,397750.55000000005,-542986.56,-103.96278453829636,-226.55,866.9739027034301,8.339271659120158,-0.13700341241239855,3.1513502050336175,4203.57,-8837.300000000001,510,0.9357798165137615,0.02285022007901867,0,1166.4239002932552,1228.476380090498,5.168421238511581
SME-00167,0,801,-272198.6,586079.7300000001,-858278.3300000001,-339.8234706616729,-713.27,2239.7664626561937,6.59097047739265,-0.16750551984126166,2.359044779138171,8637.03,-18480.7,429,0.7886029411764706,0.035245969410105965,1,2676.163150684932,2569.6955988023956,5.176294424726889
SME-00168,0,3193,-247255.94000000003,558295.5,-805551.44,-77.43687441277797,-165.01,569.6141294474972,7.355851250028041,-1.0803468567230572,16.692886921244575,3393.8099999999995,-9666.07,542,0.9944954128440368,0.017503723694977092,0,1213.6858695652174,1514.1944360902255,3.157302170950809
SME-00169,0,784,-297555.0,541358.31,-838913.31,-379.5344387755102,-685.03,2283.644210701156,6.01696177577156,-0.9147615891603444,8.399940154447384,11124.56,-14283.769999999999,417,0.7651376146788991,0.04099941575267628,0,2529.7117289719627,2565.484128440367,4.466584819710529
SME-00170,0,4696,-202132.38000000003,538745.97,-740878.3500000001,-43.04352214650768,-97.02,364.28846021723325,8.46325862872701,-0.9072091326176359,11.635910587482396,3256.58,-4993.76,546,1.001834862385321,0.012961640178892505,0,1054.297397260274,1374.542393320965,2.9327647460918853
SME-00171,0,1465,-121053.68,456679.69,-577733.37,-82.63049829351536,-239.65,902.9144646840855,10.927133241733628,-0.04101683479283545,1.9539161626261565,5263.639999999999,-6749.49,518,0.9522058823529411,0.018728031140674114,0,1312.2979597701149,1269.7436703296703,6.324001019110205
SME-00172,0,1551,-306533.58999999997,826320.25,-1132853.8399999999,-197.63609929078012,-449.33,1625.794720441013,8.22620324057801,-0.3628376322483563,4.477825704057081,8621.55,-11704.14,517,0.9486238532110092,0.0237392584137329,0,2381.326368876081,2489.7886593406597,4.792495320735437
SME-00173,0,1580,-427033.6,792752.52,-1219786.12,-270.27443037974683,-471.025,1671.2061478626977,6.183367570193686,-0.6021046085652281,4.8385475653680246,10623.75,-14246.57,502,0.9227941176470589,0.024109693615621708,0,2477.3516250000002,2704.625543237251,3.57639045354764
SME-00174,0,1327,-130879.78,321204.52,-452084.3,-98.62831951770912,-193.26,738.7589801778917,7.490333240902928,-0.30695635187293496,2.3426514797177616,5199.73,-5251.139999999999,490,0.9007352941176471,0.022668296174254785,1,1006.9107210031349,1086.7411057692307,4.657394820649739
SME-00175,0,3138,-186210.41,560245.4,-746455.81,-59.34047482472913,-153.425,531.2833888365188,8.953136799220818,0.21836716046668656,2.6603750661624455,3734.4300000000003,-5304.37,542,0.9944954128440368,0.010783107792484557,0,1228.6083333333333,1421.8205904761905,3.660761400824163
SME-00176,1,1286,-117420.23999999999,454928.93,-572349.17,-91.3065629860031,-232.47500000000002,1158.638824284406,12.68954592521482,0.8250817981701666,6.597841961755757,9637.52,-11863.49,486,0.8917431192660551,0.030813272472176714,0,1501.4156105610564,1372.5399760191845,8.281542648991872
SME-00177,0,4670,-233340.52999999997,522414.73,-755755.26,-49.965852248394,-97.625,356.40828074869523,7.133037158595666,-0.5100583679582251,5.230354490348629,2323.92,-5118.66,545,1.0,0.010337967643881235,0,1044.82946,1394.3823985239853,2.492484900235236
SME-00178,1,4355,-224477.36,606729.39,-831206.75,-51.54474397244546,-91.64,490.5713383337609,9.517388205400888,-0.9323446559780644,14.349276035085573,5452.16,-6240.83,544,0.998165137614679,0.015554112159667951,0,1238.2232448979591,1550.7588619402984,3.262602598744182
SME-00179,0,1481,-181227.68999999997,408074.84,-589302.53,-122.36846049966238,-264.57,855.5979650782292,6.9919811165769294,-0.14733023567187395,2.8894160352832845,5313.259999999999,-6527.34,507,0.9302752293577982,0.021135550729409473,0,1210.904569732938,1306.6574944567628,4.165935178492612
SME-00180,0,1277,-109687.81,316070.83,-425758.64,-85.89491777603759,-212.18,738.2874429859828,8.595240115497793,0.023732326777156462,2.687246579827204,4678.62,-5241.41,490,0.8990825688073395,0.023997118906586443,0,1039.7066776315787,1016.1304057279236,5.578958883800505
SME-00181,0,3183,-280411.04000000004,527632.7,-808043.74,-88.09646245680177,-163.46,539.1038383327286,6.119472034385932,-0.030299610315286142,4.346347108817378,3680.08,-7575.110000000001,543,0.9963302752293578,0.012209319197095368,0,1142.0621212121212,1527.4928922495274,2.579158992492359
SME-00182,0,4661,-250573.44,514168.05000000005,-764741.49,-53.75958807122935,-100.91,354.58640889360385,6.595779871374586,-0.44003311326588396,6.857600174159115,3225.56,-3790.9,546,1.001834862385321,0.010224429164864936,0,1012.1418307086614,1413.5702218114602,2.1827394311625903
SME-00183,0,830,-117386.06,680977.53,-798363.5900000001,-141.42898795180722,-564.2,2408.4334552604505,17.02927730827812,1.6737155012988651,17.83145685083123,24421.42,-9243.93,433,0.7944954128440367,0.044414712138874365,0,2802.376666666667,2341.24219941349,11.614154228232282
SME-00184,1,1317,-212416.7,492023.4700000001,-704440.17,-161.28830675778286,-226.29,1511.9988110628808,9.374509792167064,-3.0661908062117926,44.919660948319624,6394.889999999999,-25277.93,499,0.9155963302752294,0.04986945528908843,0,1587.1724838709677,1638.232953488372,5.924440551454709
SME-00185,1,1376,-294652.19999999995,931905.0700000001,-1226557.27,-214.13677325581392,-410.825,2262.2305402139195,10.564418739566017,0.5951668643133754,8.552929024188375,15563.16,-15621.46,497,0.9119266055045872,0.03277162574909693,0,2930.5190880503146,2845.8405336426913,6.292663166744263
SME-00186,0,1280,-132068.44,316970.04,-449038.48,-103.17846875000001,-208.41,773.3444512151951,7.495211555125885,-0.23192341626132493,2.670649766353166,4151.82,-6638.910000000001,509,0.9339449541284404,0.02331111147432146,0,984.37900621118,1032.272367816092,4.872085853045595
SME-00187,0,1513,-314659.68,813015.45,-1127675.13,-207.97070720423,-449.55,1682.9065254383338,8.092036364456352,-0.5514585209191923,8.22565973597112,10439.11,-20586.77,502,0.9211009174311927,0.027457344591222777,0,2349.7556358381503,2534.1014157303366,4.665353799974923
SME-00188,0,1232,-100113.88,311433.64,-411547.52,-81.26126623376624,-205.75,770.7219705773579,9.484493736046439,-0.20668610388336617,5.41020354002128,4186.72,-7036.29,496,0.9100917431192661,0.028535556860153872,0,1031.2372185430463,991.6807710843374,6.229544974432448
SME-00189,1,4168,-304584.48,586242.02,-890826.5,-73.07689059500959,-93.255,559.7344267070422,7.659527138464022,-1.1801589242506334,24.865297558775872,6803.45,-7763.01,545,1.0,0.0193316082587692,0,1177.19281124498,1649.6787037037036,2.8436100161115703
SME-00190,0,785,-303960.78,547928.41,-851889.19,-387.2111847133758,-715.63,2321.784881337062,5.996172045122379,-0.4107154804981372,4.2995089183037605,12361.35,-15242.49,424,0.7779816513761468,0.04076779003207275,0,2609.1829047619044,2498.208768328446,4.510174161288202
SME-00191,0,849,-204195.54,680098.6699999999,-884294.2100000001,-240.5130035335689,-653.73,2408.037478987856,10.012088509184332,0.15102624182887403,3.737304790062196,11943.920000000002,-18144.56,428,0.7853211009174312,0.03602093867877997,0,2996.0293832599123,2555.763612716763,7.077591894659124
SME-00192,0,3243,-303098.58999999997,542148.54,-845247.1300000001,-93.46240826395312,-162.11,555.6445034517943,5.945112198292209,-0.30641429702907874,4.493053934373767,4089.4300000000003,-6884.889999999999,542,0.9944954128440368,0.01298451508069072,0,1158.4370512820515,1591.802504708098,2.532723760928446
SME-00193,0,1491,-411930.31999999995,740327.3700000001,-1152257.69,-276.2778806170355,-520.77,1576.9664751836747,5.70789985670115,0.007482575938894635,2.17715842683549,7401.530000000001,-13003.589999999998,498,0.9137614678899083,0.02039886122740502,0,2299.1533229813663,2583.5374215246634,3.1799222077427776
SME-00194,0,1501,-199192.41,422359.46,-621551.8700000001,-132.7064690206529,-269.56,941.0650296120476,7.091327473008051,-1.9402415777456081,31.52526766184568,5856.64,-16147.96,512,0.9394495412844037,0.03110895443581401,0,1260.7745074626866,1316.8471822033896,4.233889559595371
SME-00195,0,1223,-104434.24,299032.76,-403467.0,-85.39185609157809,-199.05,749.2788316493701,8.774593573019533,-0.014669498079272973,3.0243726582112087,5787.93,-4128.37,476,0.8733944954128441,0.024934641970553843,0,1017.1182312925171,967.5467625899281,5.478616990358891
SME-00196,0,1435,-153184.27999999997,426915.37,-580099.65,-106.74862717770033,-248.47,928.8987811167094,8.701739831936269,-0.46169878813187176,6.76130432543631,5493.619999999999,-6456.35,507,0.9319852941176471,0.026966012880324262,0,1244.6512244897958,1303.5947191011235,4.996254431369711
SME-00197,0,1267,-122104.01999999999,302128.9,-424232.92000000004,-96.37254932912391,-202.89,739.1061247705594,7.6692598661722915,-0.5663432539997492,5.301842456188682,3418.37,-8820.23,489,0.8972477064220183,0.027972546794929283,0,997.1250825082509,975.248091954023,4.609236087140394
SME-00198,0,1466,-172289.01,409667.83999999997,-581956.85,-117.52319918144612,-241.66500000000002,879.3131702328311,7.482039089790639,0.030032790599814566,2.806496381682053,5134.17,-6945.08,505,0.926605504587156,0.020927211886989216,0,1245.1910030395136,1299.0108258928572,4.503342977816786
SME-00199,0,1267,-109364.29,316884.88,-426249.1699999999,-86.31751381215469,-201.12,767.2129577229522,8.888265241195096,-0.6193511754790304,5.73684457475283,4539.37,-6093.25,498,0.9137614678899083,0.028572731931742326,0,996.4933333333333,995.9092757009347,5.544018085179527
SME-00200,0,1584,-371523.1,867117.8300000001,-1238640.9300000002,-234.5474116161616,-512.615,1707.18674475982,7.278642441612796,0.2772087056221011,3.6555406149413248,9466.12,-10602.57,501,0.9209558823529411,0.022141952290869252,1,2643.6519207317074,2752.5353999999998,4.115004045742475
SME-00201,0,4736,-236490.62999999998,541754.99,-778245.62,-49.93467694256756,-99.725,362.39683297954195,7.257418194501452,-0.3254208659317138,4.000544049861647,3623.58,-6288.22,546,1.001834862385321,0.008764420192199762,0,1085.6813426853707,1433.233186003683,2.6165728836918256
SME-00202,1,744,-632712.62,561166.11,-1193878.73,-850.420188172043,-733.935,3757.0433652924103,4.417867093875183,-2.4350302059222977,17.22183460167491,13127.61,-39616.29,406,0.744954128440367,0.07368055621872317,0,2984.9261170212767,3696.2189783281733,3.454438912598685
SME-00203,1,1132,-85563.06,361283.12,-446846.17999999993,-75.58574204946996,-181.45,1066.012829107188,14.103358652078795,-0.020055168735329327,9.21958286117982,7733.52,-7471.74,473,0.8678899082568807,0.04128788549060156,0,1258.8262020905922,1137.0131806615775,9.069901263387276
SME-00204,0,4678,-230921.2,520305.97000000003,-751227.17,-49.36323215049167,-97.065,349.7312187749156,7.084852501325365,-0.24476512644360662,3.4761484135405434,2433.5,-3838.0,545,1.0,0.008514776107211802,0,1042.6973346693387,1386.0279889298895,2.286698450449477
SME-00205,0,3191,-200308.2,581796.88,-782105.0800000001,-62.77286117204638,-147.64,556.939816957785,8.872302561314473,-0.5177483068663542,6.764323139477458,4007.83,-6394.91,541,0.9926605504587156,0.014242094057845624,0,1253.8725862068966,1506.946204238921,3.7396996792020993
SME-00206,0,4627,-213951.17,519591.54000000004,-733542.71,-46.239716879187384,-102.65,352.3895190405685,7.620927263920596,-0.5590299700941503,8.837738655500129,3652.5299999999997,-5461.33,546,1.001834862385321,0.011242059659609496,0,1014.8272265625001,1360.9326716141002,2.7049365625293538
SME-00207,1,1194,-187922.28,364399.02,-552321.2999999999,-157.38884422110553,-190.755,1476.480405637799,9.381099486082928,-8.818048918410748,196.67447370934084,10999.86,-34725.38,490,0.8990825688073395,0.07108774462422737,0,1186.9674918566775,1311.9270783847983,6.4803510223886
SME-00208,0,1515,-501517.06,747231.49,-1248748.55,-331.0343630363036,-524.72,1650.7182560117346,4.986546535142351,-0.12862401969727238,1.8638188242678373,11997.92,-11653.63,506,0.9284403669724771,0.018520220272343003,0,2342.418463949843,2750.5474669603527,2.997322608901835
SME-00209,1,1338,-174661.74000000002,472044.75,-646706.49,-130.53941704035876,-209.60500000000002,1243.0860999243937,9.522687691642362,0.006938841764038911,7.8566574024948626,11924.22,-9237.8,495,0.908256880733945,0.032722600602435974,0,1512.9639423076924,1500.4790951276102,6.014842487226951
SME-00210,1,754,-225182.44000000003,727768.3900000001,-952950.8299999998,-298.650450928382,-610.03,3379.867845224976,11.317136253162687,0.004652264127484263,9.27648080241131,24695.31,-30377.9,397,0.728440366972477,0.057665527261596974,0,3400.786869158878,3064.150578778135,8.3601728352364
SME-00211,0,1247,-101888.09,299138.35,-401026.44,-81.70656776263031,-196.74,737.4481851828386,9.025568021964096,-0.48946955907481926,4.676099532978377,3863.33,-5042.32,494,0.9064220183486239,0.029368014921173052,0,934.80734375,945.8170754716981,5.46420420936645
SME-00212,0,1552,-353029.45000000007,829881.1100000001,-1182910.56,-227.46742912371138,-465.61,1676.2530323805008,7.369200235998829,0.1502359474036657,2.464461477861735,11507.95,-9512.720000000001,510,0.9357798165137615,0.018571574275245285,0,2469.884255952381,2611.2815894039736,4.2952679089891745
SME-00213,0,1521,-300484.61,820873.05,-1121357.66,-197.5572715318869,-452.83,1649.3269816885233,8.348601744189974,-0.16572057561224748,4.1651344758823905,12507.9,-13166.529999999999,497,0.9119266055045872,0.023254951004250162,0,2525.763230769231,2519.9048539325845,4.684335162558514
SME-00214,0,854,-192440.62000000002,716657.7000000001,-909098.32,-225.34030444964873,-608.52,2527.242999042352,11.215228475059831,0.3629486305862999,5.464400104885755,18718.24,-20249.879999999997,440,0.8073394495412844,0.038576975406186716,0,2925.1334693877548,2604.866246418338,8.161938144137968
SME-00215,0,1309,-104314.01,328267.47,-432581.48,-79.68984721161192,-202.69,772.116566629408,9.689020542091086,-0.7781199641911424,14.817014092239443,4308.83,-8905.06,499,0.9155963302752294,0.03095267464061034,0,1032.2876415094338,1025.074597156398,6.066592158822259
SME-00216,0,4666,-241193.02,511290.49,-752483.51,-51.69160308615516,-100.66,347.59016907816533,6.724306237878358,-0.20616102529349586,3.1368987821724863,2605.65,-3393.08,545,1.0,0.008028888076507349,0,1002.5303725490196,1388.3459594095941,2.138763961204828
SME-00217,0,1438,-163513.40999999997,418567.55,-582080.96,-113.70890820584142,-245.635,891.6083176988818,7.841147468277937,-0.16965322824923612,2.732560231042693,4583.29,-5944.76,504,0.9247706422018349,0.022005139447017215,0,1295.8747678018576,1316.9252488687782,4.631180560687521
SME-00218,0,837,-257081.41999999998,652432.0,-909513.4199999999,-307.14626045400234,-702.96,2458.9199348134944,8.00569712676589,-0.5845329015034183,6.838171409867641,10413.390000000001,-24997.78,433,0.7944954128440367,0.03867875869823928,0,3006.599078341014,2526.4261666666666,5.7718962324080625
SME-00219,1,735,-287768.63,743172.63,-1030941.2600000001,-391.5219455782313,-564.11,3835.9071467454405,9.79742563620607,-0.9835830253631099,14.515492580365944,23694.59,-28852.480000000003,392,0.7192660550458716,0.06965918067413361,0,3625.2323414634143,3314.9236655948553,6.8142852540838375
SME-00220,0,3138,-226008.7,549041.85,-775050.55,-72.02316762268961,-157.47,549.4372411612203,7.628618114098746,-0.38342219671096245,6.983383086766553,4155.2,-5389.4,542,0.9944954128440368,0.014759649704204934,0,1239.3721218961625,1467.8987689393941,3.0732729826425853
SME-00221,1,1236,-182986.08000000002,340637.75,-523623.82999999996,-148.04699029126215,-204.6,1072.0564595783787,7.241325591754717,-1.2712022183331693,13.593975378699287,5870.139999999999,-10100.52,480,0.8823529411764706,0.04513415949833151,0,1203.666961130742,1240.8147630331753,4.688522009692498
SME-00222,0,1277,-146450.82,292195.95999999996,-438646.77999999997,-114.68349256068912,-194.69,759.0754827272477,6.618873089564779,-1.7331672833796024,22.20019063853883,4493.75,-9916.01,501,0.9192660550458716,0.03405995385546281,0,907.4408695652174,1032.1100705882354,4.093294422373457
SME-00223,0,818,-204840.6,670291.93,-875132.53,-250.41638141809293,-585.3499999999999,2456.553589002236,9.809875756094392,-0.5995684748353042,4.361495553290694,7318.39,-19906.100000000002,417,0.7651376146788991,0.036052393010526054,0,2816.3526470588235,2668.086981707317,6.947693141944528
SME-00224,0,1235,-118316.01,291932.19,-410248.2,-95.80243724696356,-195.62,719.9753560873222,7.515209182323194,0.03758649875714889,2.138816620314728,3898.54,-3578.8599999999997,491,0.9009174311926605,0.023244796112862114,0,976.3618394648831,967.5665094339623,4.836815751225714
SME-00225,0,829,-261192.61000000004,640032.39,-901225.0,-315.06949336550065,-656.22,2434.793706798819,7.72779897155674,-0.2565888987323479,3.4794794106073006,12614.34,-14255.78,440,0.8073394495412844,0.03692610356275405,0,2807.1596052631585,2538.6619718309857,5.68604544583375
SME-00226,0,813,-277815.62,612069.02,-889884.64,-341.7166297662977,-637.83,2417.90739308522,7.075767412135732,0.06255255182914758,4.0426780997492475,14538.59,-14120.64,422,0.7743119266055046,0.03993870889465391,0,2914.614380952381,2557.139770114942,5.052744263766558
SME-00227,0,1327,-113296.34000000001,337268.37,-450564.71,-85.3777995478523,-209.32,833.9916524769222,9.76824955543026,-2.4076947925407657,43.86066382780735,5245.29,-13116.150000000001,492,0.9027522935779817,0.03559652509133026,0,1063.9380757097792,1070.2249643705463,6.06177405390621
SME-00228,0,3148,-259340.14,533903.6200000001,-793243.76,-82.38250952986023,-159.905,537.6975192544455,6.526840737469311,-0.242550339307088,3.2481398943262363,4040.96,-5520.8099999999995,543,0.9963302752293578,0.011927409297978647,0,1160.6600434782608,1528.4080154142582,2.708810676996704
SME-00229,0,1296,-149586.06,293497.66000000003,-443083.72,-115.4213425925926,-223.69,729.1444980278047,6.317241522666182,-0.1569041399099267,3.052719751130473,3783.5299999999997,-5564.900000000001,497,0.9119266055045872,0.024724898693474984,0,984.891476510067,1009.3023234624145,3.9128720470448877
SME-00230,0,4614,-222254.85,525827.79,-748082.64,-48.16966840052016,-101.435,360.45394772539856,7.483006624174855,-0.5401039296617491,7.128296822790153,3481.57,-4690.59,546,1.001834862385321,0.010898183791461699,0,1045.3832803180915,1375.1519117647058,2.6191667863127317
SME-00231,0,3236,-240735.84000000003,561442.1299999999,-802177.97,-74.3930284301607,-156.395,558.1733528548774,7.503033074918895,-0.6819164098406454,12.423868849404068,4146.91,-6404.169999999999,543,0.9963302752293578,0.016026633810985916,0,1233.9387472527474,1496.6006902985075,2.878153509984568
SME-00232,0,802,-314427.08999999997,621928.03,-936355.1199999999,-392.05372817955106,-737.4300000000001,2595.0314204709352,6.61907089245297,-0.9861743078219684,7.5722038308885455,9242.68,-15444.66,430,0.7889908256880734,0.04667316719686021,0,2879.296435185185,2753.9856470588234,4.850977760003727
SME-00233,0,781,-201132.52,633859.89,-834992.4099999999,-257.5320358514725,-623.56,2432.4755897909436,9.445332040918728,-0.2705905604888372,1.9456739771807676,14203.65,-16382.64,414,0.7610294117647058,0.032679099185125696,1,2817.1550666666662,2537.9708510638297,6.917713809583222
SME-00234,1,1410,-265322.92999999993,1085875.4,-1351198.33,-188.1722907801418,-412.745,2606.618432363235,13.8522968581425,-0.07863956079135018,9.18403465767109,20933.309999999998,-21574.04,489,0.8972477064220183,0.0343145752919014,0,3372.2838509316766,3232.5318899521535,8.167028951361111
SME-00235,0,3276,-292061.37,569476.19,-861537.5599999999,-89.15182234432234,-161.64499999999998,562.8454876975585,6.313336877441894,-0.3727679764254949,4.9906398172115365,4358.1900000000005,-8066.28,544,0.998165137614679,0.01282650848043913,0,1222.0519098712446,1607.3461940298507,2.676210887573145
SME-00236,0,3122,-242458.1,565728.0700000001,-808186.17,-77.6611467008328,-154.415,565.3192580454377,7.279306088837025,-0.06614308795741128,2.928987401942943,4823.98,-4633.63,546,1.001834862385321,0.011200924738941494,0,1227.1758568329717,1522.0078531073445,3.1329555563387608
SME-00237,1,1390,-197100.63,1069414.7,-1266515.33,-141.7990143884892,-425.53,2627.6414547542336,18.530745549156208,-0.6570634512269704,20.303933224738344,20764.44,-35886.29,483,0.8862385321100917,0.03951896196137348,0,3331.509968847352,3029.940980861244,10.94589264206552
SME-00238,0,4522,-223204.44,505336.98,-728541.4199999999,-49.35967271118974,-105.21000000000001,344.00822664546865,6.96941871268694,0.133686907666931,2.1609933134621517,3968.33,-5459.72,544,0.998165137614679,0.007602296952438749,0,1037.6529363449692,1351.6538404452688,2.5804707366152297
SME-00239,1,4200,-200763.9,614076.4099999999,-814840.31,-47.80092857142857,-90.02000000000001,501.9151590649649,10.500113158156683,-0.1225817131296241,9.659449507557666,5474.84,-8097.18,545,1.0,0.013936214561195703,0,1228.1528199999998,1525.918183520599,4.12564163240365
SME-00240,1,1375,-466114.82999999996,902290.98,-1368405.81,-338.9926036363636,-438.47,2530.977895049264,7.466174388171127,-1.3462986043894265,10.379273621446615,16868.93,-23743.6,482,0.8844036697247707,0.03711826271617709,0,2855.3512025316454,3281.5487050359707,4.010695859830602
SME-00241,1,1189,-150932.62,361170.70999999996,-512103.32999999996,-126.94080740117745,-173.15,1102.400796598694,8.684368873712303,-0.6745805797184323,7.1486344442765635,8763.6,-11828.970000000001,475,0.8715596330275229,0.035119285121541,0,1176.4518241042347,1303.0619083969466,5.690883681062471
SME-00242,0,804,-234929.2,629320.79,-864249.99,-292.20049751243783,-657.8399999999999,2368.670362400196,8.10631871802125,-0.12130629672231903,2.5844349965906668,10150.02,-12077.87,425,0.78125,0.03604009982037812,0,2772.338281938326,2579.8507164179105,5.7664274462177945
SME-00243,0,3217,-254751.69,554022.1,-808773.79,-79.18921044451352,-158.44,543.8687498626049,6.867965304991696,-0.2739572603640823,4.551747981668155,3745.17,-5277.87,541,0.9926605504587156,0.01343006691926551,0,1239.423042505593,1534.6751233396585,2.8428499587241065
SME-00244,1,2970,-271026.32,626004.98,-897031.3,-91.2546531986532,-148.675,753.9498465120463,8.262042757104835,-0.33300009923641843,8.958095818085209,6353.76,-8884.949999999999,539,0.9889908256880734,0.018012834205105088,0,1449.0856018518518,1715.1650095602292,3.4903285521710505
SME-00245,1,1364,-222054.56,465474.87,-687529.4299999999,-162.7965982404692,-211.215,1303.6159567865145,8.007636344224617,-1.1652553112067916,13.83888048324529,9883.93,-23824.87,505,0.9283088235294118,0.03880246587111601,0,1423.4705504587155,1587.8277829099306,5.023161088240802
SME-00246,0,1612,-303016.12,897005.3899999999,-1200021.51,-187.9752605459057,-459.45000000000005,1718.393093163356,9.141591761452592,-0.4543693535883121,6.212880826804872,10300.27,-22236.54,511,0.9376146788990826,0.022035244278459182,0,2570.2160171919772,2714.9807918552037,5.379373930190499
SME-00247,0,1467,-148752.07,435970.57,-584722.64,-101.39882072256306,-258.3,887.225418462179,8.74985933899284,0.14885271215477228,2.558479764549004,5541.91,-6131.43,512,0.9394495412844037,0.021594667020465436,0,1289.85375739645,1316.942882882883,5.546455343293605
SME-00248,0,821,-229162.22000000003,589833.84,-818996.0599999999,-279.125724725944,-668.9,2185.4309011891805,7.829557463164378,-0.2737298551240856,2.8601770897133436,10556.41,-11646.07,416,0.763302752293578,0.035824665561115646,0,2656.9091891891894,2437.488273809524,5.669504989052437
SME-00249,1,1382,-166374.33000000002,475605.88,-641980.21,-120.38663531114328,-218.445,1251.5571334347092,10.39614679985048,-1.8795586396570543,26.88271127663584,6399.2,-15905.359999999999,496,0.9100917431192661,0.04295704861537781,0,1529.2793569131834,1469.0622654462243,6.421370380082054
SME-00250,0,1470,-155741.04,414036.99,-569778.03,-105.94628571428572,-249.65,836.3614803369223,7.894202941596356,0.16141836821533065,1.37918561163199,5108.400000000001,-6170.29,515,0.944954128440367,0.018317854102288453,0,1196.6386994219654,1249.5132236842105,4.63935056297571
SME-00251,0,4634,-218436.83000000002,528024.96,-746461.79,-47.13785714285714,-99.82499999999999,351.4132260576814,7.455010629623657,0.06032592123696141,3.143599958514308,3036.87,-4912.3099999999995,546,1.001834862385321,0.008539194307041639,0,1021.3248742746614,1379.7814972273568,2.497815103858625
SME-00252,0,790,-271835.65,583237.1199999999,-855072.77,-344.0957594936709,-655.8050000000001,2327.7124085114156,6.764722738625409,-0.0703419093507831,2.2839049880030986,8129.370000000001,-13731.84,415,0.7642725598526704,0.03333923400888247,1,2712.7307906976744,2544.85943452381,4.971835192289443
SME-00253,1,2850,-236043.82000000004,692714.96,-928758.78,-82.82239298245615,-137.675,890.1538933231001,10.74774419415359,0.8151824382131587,11.791809627368263,11114.42,-8641.720000000001,543,0.9963302752293578,0.020742685601556513,0,1529.1720971302427,1745.787180451128,4.564503337650735
SME-00254,0,2994,-235161.66000000003,525956.74,-761118.3999999999,-78.54430861723448,-157.345,558.2710702671536,7.107721489888521,-0.418827298028401,6.534367512379287,4936.410000000001,-5334.13,542,0.9944954128440368,0.015028128039206785,0,1171.3958574610244,1463.6892307692308,3.1163032714144983
SME-00255,0,4720,-255123.88,527201.19,-782325.0700000001,-54.05166949152542,-101.92500000000001,357.07601817400155,6.606197764714488,-0.22855716074832694,3.980684479224302,3039.2300000000005,-6124.6,546,1.001834862385321,0.0093358876209172,0,1046.034107142857,1438.097555147059,2.2971218921135432
SME-00256,0,1445,-454688.75,682380.97,-1137069.72,-314.6634948096886,-471.3,1627.0160010377467,5.170653818682657,-0.5216376437008272,4.128503157815408,7617.32,-14462.92,502,0.9211009174311927,0.024820090067953424,0,2208.3526537216826,2543.7801342281878,3.050559341931565
SME-00257,0,1578,-335635.77999999997,844383.45,-1180019.23,-212.6969455006337,-474.285,1627.209573103615,7.650366436967789,-0.15325800612793364,2.7770628120086167,9330.02,-11067.05,504,0.9247706422018349,0.02047392567174432,0,2433.381700288184,2599.1612995594714,4.434518047283616
SME-00258,0,4592,-217449.61,508735.98,-726185.5900000001,-47.35400914634146,-99.87,340.90569637667113,7.199088367009138,-0.1754537983309459,3.3258018308085155,3179.5099999999998,-4346.51,546,1.001834862385321,0.00915849255106946,0,1011.4035387673956,1339.825811808118,2.523489495377166
SME-00259,0,4697,-244900.21000000002,523808.57000000007,-768708.78,-52.139708324462426,-100.22,358.02537602879215,6.866654753816817,-0.5446975943023918,7.820314490810839,3447.9700000000003,-4538.38,546,1.001834862385321,0.010550032461846643,0,1045.5260878243512,1410.4748256880735,2.4062258705842834
SME-00260,0,3148,-216959.09000000003,559388.6699999999,-776347.76,-68.91966010165186,-156.89,543.7536037185328,7.889673322772237,0.015005564886864125,4.131089315744986,3881.87,-7399.349999999999,544,0.998165137614679,0.013160433155214611,0,1237.585553097345,1453.8347565543072,3.376434721708915
SME-00261,0,1440,-223879.59999999998,367180.23,-591059.8300000001,-155.47194444444443,-270.78499999999997,828.5103610254043,5.329002373939306,-0.19157872080405627,2.0259038254222332,4895.53,-6033.11,508,0.9321100917431193,0.019781347901485145,0,1215.8285761589402,1282.1254446854664,3.3088680767498246
SME-00262,0,4761,-235240.59,536948.04,-772188.63,-49.40991178323881,-103.82,350.5544935474294,7.094821279692044,-0.145237349217876,2.997194473762584,3235.75,-4534.65,546,1.001834862385321,0.00839347048463626,0,1065.3730952380954,1429.9789444444446,2.4231809627640266
SME-00263,0,1236,-123053.39000000001,314179.92000000004,-437233.30999999994,-99.55775889967639,-198.935,793.116852686065,7.9663992184203645,-0.6365451213108961,5.099198523823887,4713.629999999999,-7812.42,492,0.9027522935779817,0.029577120967114193,0,1043.7871096345516,1046.0127033492822,5.110388973037165
SME-00264,0,4649,-207489.53999999998,525246.75,-732736.29,-44.63100451710045,-98.98,348.33667337374135,7.804813652363023,-0.11897462791093578,4.126120306526212,3040.86,-4484.75,546,1.001834862385321,0.008961273436563978,0,1031.9189587426326,1369.6005420560748,2.6271041664466406
SME-00265,0,3099,-231010.17,538656.61,-769666.78,-74.5434559535334,-155.78,542.1297111630407,7.272666718068141,-0.1743388946242061,4.347592827964274,3775.52,-7742.24,538,0.9871559633027523,0.013756652321258278,0,1194.360554323725,1463.2448288973385,3.0674012452029857
SME-00266,0,3211,-212046.93,567615.51,-779662.4400000001,-66.03766116474618,-152.64,530.0823977878023,8.026971101617143,0.06824680565182131,2.2322114210588886,3567.68,-4685.0599999999995,542,0.9944954128440368,0.010372076526599428,0,1205.1284713375796,1471.0612075471697,3.1817140917808
SME-00267,0,825,-161674.63999999998,693518.42,-855193.06,-195.9692606060606,-670.88,2399.54354812066,12.24448947094946,0.06636751272725766,1.5413046095754908,13928.0,-13790.21,426,0.781651376146789,0.0301065115111047,0,2926.23805907173,2568.1473273273273,8.608654050504157
SME-00268,0,1492,-226302.03999999998,822318.6799999999,-1048620.72,-151.67697050938335,-457.495,1563.923046342635,10.310880030702382,0.10516811360498748,1.8029636017111903,11783.119999999999,-12284.34,502,0.9211009174311927,0.019178445865216158,0,2484.3464652567973,2394.1112328767126,6.075441178347253
SME-00269,0,1417,-179875.79,400003.52,-579879.31,-126.94127734650671,-245.29,886.738091692585,6.985419638342619,-0.18740348999027256,1.9549642478649183,6926.71,-5853.78,507,0.9319852941176471,0.020093045206231442,1,1261.8407570977918,1306.034481981982,4.366350959200891
SME-00270,1,693,-143474.05,675615.73,-819089.78,-207.03326118326117,-523.97,3145.9578029493505,15.195422150862125,-0.18761082743218238,7.07869407320343,22916.1,-22809.22,390,0.7169117647058824,0.05240796228817006,1,3344.6323267326734,2685.540262295082,11.751549760857545
SME-00271,0,1218,-146738.57,276654.19,-423392.76,-120.47501642036126,-221.93,770.2290894185736,6.3932681837626095,-1.280174736682091,16.204982732279692,3776.7299999999996,-8881.31,487,0.8952205882352942,0.03489434530069733,0,957.2809342560554,1003.3003791469195,3.9887320554960293
SME-00272,1,1234,-154434.47,368435.37,-522869.83999999997,-125.14948946515398,-199.46,1052.8167006510735,8.412472996497637,-0.6350887355149482,12.263863738074665,5607.63,-6826.820000000001,482,0.8844036697247707,0.03451822075627719,0,1215.958316831683,1224.519531615925,4.856694453720429
SME-00273,0,824,-266184.95999999996,663395.29,-929580.25,-323.03999999999996,-632.9549999999999,2536.558310934443,7.852149303288891,0.14409647971279965,3.6716826496910535,17013.100000000002,-13478.54,414,0.7596330275229358,0.035258702089047765,0,2988.267072072072,2816.9098484848487,5.880229761310544
SME-00274,1,1362,-385145.67,922667.77,-1307813.44,-282.7794933920705,-458.03999999999996,2508.838752895995,8.872067499666672,-0.015021817945677054,11.148918302591106,18189.82,-20342.100000000002,492,0.9027522935779817,0.038731978378782214,0,2985.979838187702,3055.638878504673,5.220773439708375
SME-00275,0,3054,-263438.20999999996,535706.29,-799144.5,-86.26005566470202,-158.945,580.9701092615002,6.7351000968485994,-1.1957342063008825,13.662709566170939,3980.2499999999995,-7899.31,538,0.9871559633027523,0.01728002123742984,0,1182.574591611479,1539.7774566473988,2.921491048810917
SME-00276,1,1157,-230047.77000000002,315207.99,-545255.76,-198.83126188418325,-203.78,1169.6740283037714,5.882747095298787,-1.4780672838403959,13.796551109493176,6111.24,-10099.63,475,0.8715596330275229,0.04798440375901949,0,1163.129114391144,1346.3105185185186,3.8708134639145033
SME-00277,0,1305,-98686.06,338707.20999999996,-437393.27,-75.6215019157088,-198.77,762.370230422161,10.081394988318717,-0.12468555018836938,1.772904922639909,6844.82,-4569.24,491,0.9009174311926605,0.020256011180407978,0,1035.8018654434252,1034.0266430260046,6.220832709054979
SME-00278,0,829,-271554.79000000004,583733.59,-855288.38,-327.569107358263,-686.0,2128.611511720018,6.498205917177504,0.1121638922266011,1.3484104401683332,11105.68,-12220.0,422,0.7743119266055046,0.028942039015568324,0,2715.0399534883727,2471.9317341040464,4.5824162805695225
SME-00279,1,740,-147022.16999999998,743812.05,-890834.22,-198.67860810810808,-567.395,3354.295192012616,16.88302139799281,0.7475241495831849,10.092262385195731,29011.38,-32875.96,386,0.708256880733945,0.06000347708253725,0,3558.9093301435396,2969.4474,13.448190374553374
SME-00280,0,3191,-250118.56,549002.46,-799121.02,-78.38250078345347,-163.85,545.2740993903615,6.95657951634874,0.07553261650141944,4.16456165319646,4008.9700000000003,-6085.12,543,0.9963302752293578,0.012644301692601632,0,1239.2832054176074,1533.8215355086372,3.049418656962788
SME-00281,0,1206,-94307.35,296415.49,-390722.83999999997,-78.19846600331675,-195.595,722.1881431612591,9.235323658786704,0.2741526640241425,1.9647478091292134,3345.03,-3935.79,485,0.8899082568807339,0.022188385270255552,0,968.6780718954248,943.7749758454105,5.3406275279129165
SME-00282,0,1536,-196956.13999999998,436994.85000000003,-633950.99,-128.22665364583332,-242.02499999999998,909.3536146199014,7.091767497353312,-0.46479577457109666,3.9688406810773182,5002.73,-7795.710000000001,513,0.9412844036697248,0.023082353072121743,0,1248.5567142857142,1381.1568409586057,4.208724001813707
SME-00283,0,3205,-242799.88,561818.54,-804618.4199999999,-75.75659282371295,-154.03,545.102722348603,7.195449293991714,-0.08119581180331678,2.390329287964904,3284.4,-6403.389999999999,544,0.998165137614679,0.010017805724458742,0,1226.6780349344979,1515.2889265536724,3.099847013478383
SME-00284,0,4679,-217894.46000000002,523973.95,-741868.4099999999,-46.56859585381492,-100.61,347.09031846697906,7.453312948420051,-0.30861206280176917,4.553510447157063,3452.35,-4726.48,545,1.0,0.009996529109675236,0,1056.3990927419354,1373.830388888889,2.6524187459049764
SME-00285,0,1397,-168368.96,399776.26,-568145.2200000001,-120.52180386542591,-250.29,885.7231810224166,7.349070065458123,-0.2268717754820292,3.245408534458722,3686.0899999999997,-8702.25,497,0.9119266055045872,0.02283486879534898,0,1211.4432121212121,1291.2391363636364,4.275838306899032
SME-00286,0,1451,-246413.10000000003,370476.69999999995,-616889.8,-169.8229496898691,-273.2,861.6271536476085,5.073679118288271,-0.08116496848136472,2.283919792205131,4882.95,-8086.0,505,0.926605504587156,0.019425026066815107,0,1161.3689655172411,1367.8266075388028,3.051554266870692
SME-00287,0,831,-367268.82999999996,586485.1900000001,-953754.02,-441.96008423586034,-724.58,2312.471636208129,5.232308795954602,-0.11432397501415825,1.6883406124245504,13041.84,-12256.19,436,0.8029465930018416,0.030842936403365554,1,2641.82518018018,2649.3167222222223,3.694538154505115
SME-00288,0,4677,-204301.25,534046.88,-738348.13,-43.68211460337823,-101.17,348.30695456712607,7.973674299645492,-0.06591107664339536,3.969566580513641,3846.37,-3608.23,545,1.0,0.008671497383505145,0,1057.5185742574258,1374.9499627560522,2.7411644580933645
SME-00289,0,4680,-229610.25,533552.85,-763163.0999999999,-49.06201923076923,-102.525,355.0131537659276,7.236007798539226,-0.32445313130070613,3.682525394057195,3147.3,-4720.12,546,1.001834862385321,0.008920974558846138,0,1062.854282868526,1405.4569060773483,2.517390120675108
SME-00290,0,1420,-131178.35,418611.15,-549789.5,-92.37911971830987,-225.40499999999997,869.8494581600374,9.416082993781009,0.09557345379574249,2.033763844418024,4405.85,-7052.469999999999,497,0.9152854511970534,0.019957896558619622,1,1280.1564220183486,1263.883908045977,5.5073581820953885
SME-00291,0,829,-328725.79,614224.44,-942950.23,-396.5329191797346,-698.45,2423.3130685883293,6.11125319330657,-0.11273070322496168,2.67249954043041,11281.22,-17260.28,435,0.7981651376146789,0.03508061815570119,0,2924.878285714286,2619.3061944444444,4.532794209299581
SME-00292,0,1281,-168746.54,291231.33999999997,-459977.88,-131.73032006245123,-218.04,769.9598546573958,5.844970651345645,-0.4763738634474704,6.3245793645557296,3557.6100000000006,-8107.959999999999,486,0.8917431192660551,0.026720864794497597,0,1025.4624647887324,1054.995137614679,3.6984090991323977
SME-00293,0,1226,-89887.47,303353.25,-393240.72,-73.31767536704731,-207.26999999999998,733.5352085511809,10.004889065002581,0.24341137911191946,3.0167963245246403,3842.91,-5594.64,483,0.8862385321100917,0.02538488812930724,0,1038.8809931506848,959.1237073170731,6.633064442094315
SME-00294,0,776,-284983.05,539807.8800000001,-824790.93,-367.24619845360826,-755.085,2242.9513547735773,6.107486923535614,0.10096237836895362,2.9055147635818237,10814.29,-10967.23,425,0.7798165137614679,0.036282546662927254,0,2595.2301923076925,2462.0624776119403,4.600068473118917
SME-00295,0,3169,-202016.51,574416.22,-776432.73,-63.74771536762386,-150.44,547.2302622079833,8.584311752228068,-0.11224510751147392,2.6846879414149214,4954.97,-5006.99,544,0.998165137614679,0.011167140485988462,0,1235.3036989247312,1484.5750095602293,3.677259847851511
SME-00296,0,1583,-449726.43,819095.5800000001,-1268822.0099999998,-284.0975552747947,-476.22,1751.151089192311,6.163907632005147,-0.09443239621975086,7.0721711833541985,15665.72,-13606.94,508,0.9321100917431193,0.024991019880243458,0,2395.0163157894735,2807.1283407079645,3.613967396088345
SME-00297,0,827,-249594.88000000003,595917.16,-845512.04,-301.80759371221285,-647.84,2275.090867611445,7.53821611851439,0.5359099507621177,5.047562494970796,14436.039999999999,-17681.99,421,0.7724770642201835,0.039522655708653605,0,2708.714363636363,2465.0496793002917,5.403297790193321
SME-00298,1,1470,-506696.88,950979.04,-1457675.92,-344.6917551020408,-458.23,2464.973651613044,7.151240536296917,0.07400165622918481,10.131849203534463,28996.03,-23965.710000000003,491,0.9009174311926605,0.03324452083415052,0,3057.810418006431,3290.464830699774,4.190400480092019
SME-00299,0,1400,-177714.14,390912.07999999996,-568626.22,-126.93867142857144,-256.235,877.9451018803773,6.916293451002424,0.3529238109680057,4.078393369220868,7509.9400000000005,-4401.76,503,0.9229357798165138,0.02461085711742825,0,1163.4288095238094,1286.484660633484,4.022714315425272
SME-00300,0,3196,-201078.08000000002,578031.26,-779109.34,-62.915544430538176,-153.35000000000002,546.7772304848646,8.690654041602283,-0.12535548563599913,3.572338611863656,4340.33,-6789.79,542,0.9944954128440368,0.012047322141862086,0,1276.0071964679912,1486.8498854961833,3.63405024145596
