company_id,defaulted,default_date,application_date
SME-00001,0,,2022-01-01
SME-00002,0,,2022-01-01
SME-00003,0,,2022-01-01
SME-00004,0,,2022-01-01
SME-00005,0,,2022-01-01
SME-00006,1,2023-01-07,2022-01-01
SME-00007,0,,2022-01-01
SME-00008,0,,2022-01-01
SME-00009,0,,2022-01-01
SME-00010,0,,2022-01-01
SME-00011,0,,2022-01-01
SME-00012,0,,2022-01-01
SME-00013,0,,2022-01-01
SME-00014,0,,2022-01-01
SME-00015,0,,2022-01-01
SME-00016,0,,2022-01-01
SME-00017,0,,2022-01-01
SME-00018,0,,2022-01-01
SME-00019,0,,2022-01-01
SME-00020,0,,2022-01-01
SME-00021,0,,2022-01-01
SME-00022,0,,2022-01-01
SME-00023,1,2022-06-10,2022-01-01
SME-00024,0,,2022-01-01
SME-00025,0,,2022-01-01
SME-00026,1,2022-09-09,2022-01-01
SME-00027,1,2023-01-26,2022-01-01
SME-00028,0,,2022-01-01
SME-00029,0,,2022-01-01
SME-00030,0,,2022-01-01
SME-00031,0,,2022-01-01
SME-00032,1,2023-03-02,2022-01-01
SME-00033,0,,2022-01-01
SME-00034,1,2022-09-09,2022-01-01
SME-00035,0,,2022-01-01
SME-00036,0,,2022-01-01
SME-00037,0,,2022-01-01
SME-00038,0,,2022-01-01
SME-00039,0,,2022-01-01
SME-00040,0,,2022-01-01
SME-00041,0,,2022-01-01
SME-00042,0,,2022-01-01
SME-00043,0,,2022-01-01
SME-00044,0,,2022-01-01
SME-00045,0,,2022-01-01
SME-00046,0,,2022-01-01
SME-00047,0,,2022-01-01
SME-00048,1,2023-03-07,2022-01-01
SME-00049,0,,2022-01-01
SME-00050,0,,2022-01-01
SME-00051,0,,2022-01-01
SME-00052,0,,2022-01-01
SME-00053,0,,2022-01-01
SME-00054,0,,2022-01-01
SME-00055,0,,2022-01-01
SME-00056,0,,2022-01-01
SME-00057,0,,2022-01-01
SME-00058,0,,2022-01-01
SME-00059,0,,2022-01-01
SME-00060,0,,2022-01-01
SME-00061,0,,2022-01-01
SME-00062,0,,2022-01-01
SME-00063,0,,2022-01-01
SME-00064,1,2022-10-07,2022-01-01
SME-00065,0,,2022-01-01
SME-00066,0,,2022-01-01
SME-00067,1,2022-10-01,2022-01-01
SME-00068,0,,2022-01-01
SME-00069,1,2023-01-05,2022-01-01
SME-00070,0,,2022-01-01
SME-00071,0,,2022-01-01
SME-00072,0,,2022-01-01
SME-00073,1,2022-10-24,2022-01-01
SME-00074,0,,2022-01-01
SME-00075,0,,2022-01-01
SME-00076,0,,2022-01-01
SME-00077,0,,2022-01-01
SME-00078,0,,2022-01-01
SME-00079,0,,2022-01-01
SME-00080,0,,2022-01-01
SME-00081,1,2023-05-09,2022-01-01
SME-00082,0,,2022-01-01
SME-00083,0,,2022-01-01
SME-00084,0,,2022-01-01
SME-00085,0,,2022-01-01
SME-00086,0,,2022-01-01
SME-00087,1,2023-04-24,2022-01-01
SME-00088,0,,2022-01-01
SME-00089,0,,2022-01-01
SME-00090,0,,2022-01-01
SME-00091,0,,2022-01-01
SME-00092,0,,2022-01-01
SME-00093,0,,2022-01-01
SME-00094,0,,2022-01-01
SME-00095,0,,2022-01-01
SME-00096,1,2022-07-12,2022-01-01
SME-00097,0,,2022-01-01
SME-00098,1,2023-01-02,2022-01-01
SME-00099,0,,2022-01-01
SME-00100,0,,2022-01-01
SME-00101,0,,2022-01-01
SME-00102,1,2022-06-15,2022-01-01
SME-00103,0,,2022-01-01
SME-00104,0,,2022-01-01
SME-00105,0,,2022-01-01
SME-00106,1,2023-04-07,2022-01-01
SME-00107,0,,2022-01-01
SME-00108,0,,2022-01-01
SME-00109,0,,2022-01-01
SME-00110,1,2022-09-25,2022-01-01
SME-00111,0,,2022-01-01
SME-00112,0,,2022-01-01
SME-00113,0,,2022-01-01
SME-00114,0,,2022-01-01
SME-00115,0,,2022-01-01
SME-00116,0,,2022-01-01
SME-00117,0,,2022-01-01
SME-00118,0,,2022-01-01
SME-00119,0,,2022-01-01
SME-00120,0,,2022-01-01
SME-00121,0,,2022-01-01
SME-00122,0,,2022-01-01
SME-00123,0,,2022-01-01
SME-00124,0,,2022-01-01
SME-00125,0,,2022-01-01
SME-00126,0,,2022-01-01
SME-00127,1,2023-02-15,2022-01-01
SME-00128,0,,2022-01-01
SME-00129,0,,2022-01-01
SME-00130,0,,2022-01-01
SME-00131,0,,2022-01-01
SME-00132,0,,2022-01-01
SME-00133,1,2022-11-04,2022-01-01
SME-00134,0,,2022-01-01
SME-00135,0,,2022-01-01
SME-00136,0,,2022-01-01
SME-00137,0,,2022-01-01
SME-00138,0,,2022-01-01
SME-00139,0,,2022-01-01
SME-00140,0,,2022-01-01
SME-00141,0,,2022-01-01
SME-00142,0,,2022-01-01
SME-00143,1,2022-07-07,2022-01-01
SME-00144,0,,2022-01-01
SME-00145,0,,2022-01-01
SME-00146,0,,2022-01-01
SME-00147,0,,2022-01-01
SME-00148,0,,2022-01-01
SME-00149,0,,2022-01-01
SME-00150,0,,2022-01-01
SME-00151,0,,2022-01-01
SME-00152,1,2022-12-21,2022-01-01
SME-00153,0,,2022-01-01
SME-00154,0,,2022-01-01
SME-00155,0,,2022-01-01
SME-00156,0,,2022-01-01
SME-00157,0,,2022-01-01
SME-00158,0,,2022-01-01
SME-00159,0,,2022-01-01
SME-00160,0,,2022-01-01
SME-00161,0,,2022-01-01
SME-00162,1,2022-06-27,2022-01-01
SME-00163,1,2023-02-21,2022-01-01
SME-00164,1,2023-05-15,2022-01-01
SME-00165,0,,2022-01-01
SME-00166,0,,2022-01-01
SME-00167,0,,2022-01-01
SME-00168,0,,2022-01-01
SME-00169,0,,2022-01-01
SME-00170,0,,2022-01-01
SME-00171,0,,2022-01-01
SME-00172,0,,2022-01-01
SME-00173,0,,2022-01-01
SME-00174,0,,2022-01-01
SME-00175,0,,2022-01-01
SME-00176,1,2023-02-22,2022-01-01
SME-00177,0,,2022-01-01
SME-00178,1,2023-03-06,2022-01-01
SME-00179,0,,2022-01-01
SME-00180,0,,2022-01-01
SME-00181,0,,2022-01-01
SME-00182,0,,2022-01-01
SME-00183,0,,2022-01-01
SME-00184,1,2022-10-07,2022-01-01
SME-00185,1,2022-06-10,2022-01-01
SME-00186,0,,2022-01-01
SME-00187,0,,2022-01-01
SME-00188,0,,2022-01-01
SME-00189,1,2022-10-26,2022-01-01
SME-00190,0,,2022-01-01
SME-00191,0,,2022-01-01
SME-00192,0,,2022-01-01
SME-00193,0,,2022-01-01
SME-00194,0,,2022-01-01
SME-00195,0,,2022-01-01
SME-00196,0,,2022-01-01
SME-00197,0,,2022-01-01
SME-00198,0,,2022-01-01
SME-00199,0,,2022-01-01
SME-00200,0,,2022-01-01
SME-00201,0,,2022-01-01
SME-00202,1,2022-09-27,2022-01-01
SME-00203,1,2022-08-02,2022-01-01
SME-00204,0,,2022-01-01
SME-00205,0,,2022-01-01
SME-00206,0,,2022-01-01
SME-00207,1,2023-05-28,2022-01-01
SME-00208,0,,2022-01-01
SME-00209,1,2023-04-11,2022-01-01
SME-00210,1,2023-04-21,2022-01-01
SME-00211,0,,2022-01-01
SME-00212,0,,2022-01-01
SME-00213,0,,2022-01-01
SME-00214,0,,2022-01-01
SME-00215,0,,2022-01-01
SME-00216,0,,2022-01-01
SME-00217,0,,2022-01-01
SME-00218,0,,2022-01-01
SME-00219,1,2022-06-21,2022-01-01
SME-00220,0,,2022-01-01
SME-00221,1,2022-09-15,2022-01-01
SME-00222,0,,2022-01-01
SME-00223,0,,2022-01-01
SME-00224,0,,2022-01-01
SME-00225,0,,2022-01-01
SME-00226,0,,2022-01-01
SME-00227,0,,2022-01-01
SME-00228,0,,2022-01-01
SME-00229,0,,2022-01-01
SME-00230,0,,2022-01-01
SME-00231,0,,2022-01-01
SME-00232,0,,2022-01-01
SME-00233,0,,2022-01-01
SME-00234,1,2022-11-22,2022-01-01
SME-00235,0,,2022-01-01
SME-00236,0,,2022-01-01
SME-00237,1,2022-11-12,2022-01-01
SME-00238,0,,2022-01-01
SME-00239,1,2023-02-09,2022-01-01
SME-00240,1,2022-12-26,2022-01-01
SME-00241,1,2022-06-04,2022-01-01
SME-00242,0,,2022-01-01
SME-00243,0,,2022-01-01
SME-00244,1,2022-10-01,2022-01-01
SME-00245,1,2023-03-01,2022-01-01
SME-00246,0,,2022-01-01
SME-00247,0,,2022-01-01
SME-00248,0,,2022-01-01
SME-00249,1,2022-09-20,2022-01-01
SME-00250,0,,2022-01-01
SME-00251,0,,2022-01-01
SME-00252,0,,2022-01-01
SME-00253,1,2023-01-04,2022-01-01
SME-00254,0,,2022-01-01
SME-00255,0,,2022-01-01
SME-00256,0,,2022-01-01
SME-00257,0,,2022-01-01
SME-00258,0,,2022-01-01
SME-00259,0,,2022-01-01
SME-00260,0,,2022-01-01
SME-00261,0,,2022-01-01
SME-00262,0,,2022-01-01
SME-00263,0,,2022-01-01
SME-00264,0,,2022-01-01
SME-00265,0,,2022-01-01
SME-00266,0,,2022-01-01
SME-00267,0,,2022-01-01
SME-00268,0,,2022-01-01
SME-00269,0,,2022-01-01
SME-00270,1,2022-10-21,2022-01-01
SME-00271,0,,2022-01-01
SME-00272,1,2022-08-26,2022-01-01
SME-00273,0,,2022-01-01
SME-00274,1,2022-07-06,2022-01-01
SME-00275,0,,2022-01-01
SME-00276,1,2022-08-12,2022-01-01
SME-00277,0,,2022-01-01
SME-00278,0,,2022-01-01
SME-00279,1,2022-06-21,2022-01-01
SME-00280,0,,2022-01-01
SME-00281,0,,2022-01-01
SME-00282,0,,2022-01-01
SME-00283,0,,2022-01-01
SME-00284,0,,2022-01-01
SME-00285,0,,2022-01-01
SME-00286,0,,2022-01-01
SME-00287,0,,2022-01-01
SME-00288,0,,2022-01-01
SME-00289,0,,2022-01-01
SME-00290,0,,2022-01-01
SME-00291,0,,2022-01-01
SME-00292,0,,2022-01-01
SME-00293,0,,2022-01-01
SME-00294,0,,2022-01-01
SME-00295,0,,2022-01-01
SME-00296,0,,2022-01-01
SME-00297,0,,2022-01-01
SME-00298,1,2023-02-08,2022-01-01
SME-00299,0,,2022-01-01
SME-00300,0,,2022-01-01
