postcode_area,date,vacancy_rate
09,2022-01-01,0.2216
09,2022-02-01,0.233
09,2022-03-01,0.1943
09,2022-04-01,0.2151
09,2022-05-01,0.2683
09,2022-06-01,0.2447
09,2022-07-01,0.2476
09,2022-08-01,0.2875
09,2022-09-01,0.2795
09,2022-10-01,0.2205
09,2022-11-01,0.2672
09,2022-12-01,0.2268
09,2023-01-01,0.2358
09,2023-02-01,0.2566
09,2023-03-01,0.2068
09,2023-04-01,0.2354
09,2023-05-01,0.2697
09,2023-06-01,0.2749
50,2022-01-01,0.169
50,2022-02-01,0.1692
50,2022-03-01,0.1371
50,2022-04-01,0.1231
50,2022-05-01,0.1742
50,2022-06-01,0.1413
50,2022-07-01,0.177
50,2022-08-01,0.1235
50,2022-09-01,0.124
50,2022-10-01,0.1668
50,2022-11-01,0.1767
50,2022-12-01,0.174
50,2023-01-01,0.1651
50,2023-02-01,0.1735
50,2023-03-01,0.1776
50,2023-04-01,0.1698
50,2023-05-01,0.1777
50,2023-06-01,0.1706
88,2022-01-01,0.1746
88,2022-02-01,0.147
88,2022-03-01,0.162
88,2022-04-01,0.1638
88,2022-05-01,0.1639
88,2022-06-01,0.1727
88,2022-07-01,0.1732
88,2022-08-01,0.163
88,2022-09-01,0.2027
88,2022-10-01,0.1698
88,2022-11-01,0.2235
88,2022-12-01,0.2191
88,2023-01-01,0.2214
88,2023-02-01,0.1919
88,2023-03-01,0.1685
88,2023-04-01,0.2119
88,2023-05-01,0.2062
88,2023-06-01,0.2131
68,2022-01-01,0.2311
68,2022-02-01,0.2009
68,2022-03-01,0.272
68,2022-04-01,0.2411
68,2022-05-01,0.2496
68,2022-06-01,0.2427
68,2022-07-01,0.2665
68,2022-08-01,0.2506
68,2022-09-01,0.3017
68,2022-10-01,0.2697
68,2022-11-01,0.2702
68,2022-12-01,0.2864
68,2023-01-01,0.274
68,2023-02-01,0.2994
68,2023-03-01,0.3272
68,2023-04-01,0.2781
68,2023-05-01,0.2857
68,2023-06-01,0.2855
37,2022-01-01,0.042
37,2022-02-01,0.0539
37,2022-03-01,0.0792
37,2022-04-01,0.1139
37,2022-05-01,0.0558
37,2022-06-01,0.0748
37,2022-07-01,0.0989
37,2022-08-01,0.0638
37,2022-09-01,0.0486
37,2022-10-01,0.0962
37,2022-11-01,0.1184
37,2022-12-01,0.0655
37,2023-01-01,0.0801
37,2023-02-01,0.0658
37,2023-03-01,0.0708
37,2023-04-01,0.1068
37,2023-05-01,0.11
37,2023-06-01,0.1003
33,2022-01-01,0.0791
33,2022-02-01,0.0688
33,2022-03-01,0.1048
33,2022-04-01,0.0504
33,2022-05-01,0.0767
33,2022-06-01,0.1276
33,2022-07-01,0.1103
33,2022-08-01,0.0724
33,2022-09-01,0.0707
33,2022-10-01,0.1354
33,2022-11-01,0.0724
33,2022-12-01,0.0886
33,2023-01-01,0.0826
33,2023-02-01,0.0865
33,2023-03-01,0.0946
33,2023-04-01,0.1191
33,2023-05-01,0.113
33,2023-06-01,0.1137
89,2022-01-01,0.1421
89,2022-02-01,0.1115
89,2022-03-01,0.15
89,2022-04-01,0.1244
89,2022-05-01,0.1539
89,2022-06-01,0.1622
89,2022-07-01,0.1259
89,2022-08-01,0.1489
89,2022-09-01,0.1332
89,2022-10-01,0.1048
89,2022-11-01,0.1641
89,2022-12-01,0.1788
89,2023-01-01,0.1328
89,2023-02-01,0.1574
89,2023-03-01,0.1489
89,2023-04-01,0.1422
89,2023-05-01,0.1517
89,2023-06-01,0.16
47,2022-01-01,0.1121
47,2022-02-01,0.1587
47,2022-03-01,0.1408
47,2022-04-01,0.175
47,2022-05-01,0.1808
47,2022-06-01,0.1507
47,2022-07-01,0.2153
47,2022-08-01,0.125
47,2022-09-01,0.1724
47,2022-10-01,0.2069
47,2022-11-01,0.1865
47,2022-12-01,0.1984
47,2023-01-01,0.165
47,2023-02-01,0.1912
47,2023-03-01,0.219
47,2023-04-01,0.2231
47,2023-05-01,0.214
47,2023-06-01,0.2397
65,2022-01-01,0.1479
65,2022-02-01,0.1772
65,2022-03-01,0.1751
65,2022-04-01,0.1617
65,2022-05-01,0.1459
65,2022-06-01,0.1822
65,2022-07-01,0.1847
65,2022-08-01,0.2128
65,2022-09-01,0.1916
65,2022-10-01,0.163
65,2022-11-01,0.1702
65,2022-12-01,0.2281
65,2023-01-01,0.2056
65,2023-02-01,0.1815
65,2023-03-01,0.2003
65,2023-04-01,0.2095
65,2023-05-01,0.2036
65,2023-06-01,0.2041
60,2022-01-01,0.0665
60,2022-02-01,0.0632
60,2022-03-01,0.0829
60,2022-04-01,0.0472
60,2022-05-01,0.0844
60,2022-06-01,0.0748
60,2022-07-01,0.0653
60,2022-08-01,0.0781
60,2022-09-01,0.0874
60,2022-10-01,0.0942
60,2022-11-01,0.1059
60,2022-12-01,0.0788
60,2023-01-01,0.1128
60,2023-02-01,0.0746
60,2023-03-01,0.0838
60,2023-04-01,0.0858
60,2023-05-01,0.0921
60,2023-06-01,0.0925
85,2022-01-01,0.0932
85,2022-02-01,0.0829
85,2022-03-01,0.1004
85,2022-04-01,0.0965
85,2022-05-01,0.0864
85,2022-06-01,0.0932
85,2022-07-01,0.114
85,2022-08-01,0.1191
85,2022-09-01,0.0714
85,2022-10-01,0.0778
85,2022-11-01,0.1056
85,2022-12-01,0.098
85,2023-01-01,0.0744
85,2023-02-01,0.1421
85,2023-03-01,0.1315
85,2023-04-01,0.135
85,2023-05-01,0.1222
85,2023-06-01,0.128
42,2022-01-01,0.114
42,2022-02-01,0.1103
42,2022-03-01,0.1383
42,2022-04-01,0.1365
42,2022-05-01,0.0998
42,2022-06-01,0.1142
42,2022-07-01,0.1487
42,2022-08-01,0.1049
42,2022-09-01,0.174
42,2022-10-01,0.133
42,2022-11-01,0.1365
42,2022-12-01,0.1458
42,2023-01-01,0.1205
42,2023-02-01,0.1565
42,2023-03-01,0.1234
42,2023-04-01,0.1703
42,2023-05-01,0.1493
42,2023-06-01,0.1849
90,2022-01-01,0.0858
90,2022-02-01,0.0988
90,2022-03-01,0.1139
90,2022-04-01,0.0504
90,2022-05-01,0.1071
90,2022-06-01,0.0976
90,2022-07-01,0.0721
90,2022-08-01,0.1356
90,2022-09-01,0.1069
90,2022-10-01,0.1093
90,2022-11-01,0.0922
90,2022-12-01,0.106
90,2023-01-01,0.1221
90,2023-02-01,0.1264
90,2023-03-01,0.1092
90,2023-04-01,0.1077
90,2023-05-01,0.1259
90,2023-06-01,0.0995
61,2022-01-01,0.1814
61,2022-02-01,0.1978
61,2022-03-01,0.2447
61,2022-04-01,0.2005
61,2022-05-01,0.2231
61,2022-06-01,0.2295
61,2022-07-01,0.2748
61,2022-08-01,0.2499
61,2022-09-01,0.28
61,2022-10-01,0.2759
61,2022-11-01,0.2566
61,2022-12-01,0.2419
61,2023-01-01,0.2715
61,2023-02-01,0.2351
61,2023-03-01,0.2487
61,2023-04-01,0.2699
61,2023-05-01,0.2559
61,2023-06-01,0.2679
76,2022-01-01,0.1578
76,2022-02-01,0.1252
76,2022-03-01,0.1429
76,2022-04-01,0.1537
76,2022-05-01,0.1412
76,2022-06-01,0.1547
76,2022-07-01,0.1655
76,2022-08-01,0.1328
76,2022-09-01,0.1496
76,2022-10-01,0.1627
76,2022-11-01,0.1313
76,2022-12-01,0.1779
76,2023-01-01,0.1538
76,2023-02-01,0.1687
76,2023-03-01,0.1762
76,2023-04-01,0.1766
76,2023-05-01,0.1862
76,2023-06-01,0.1547
13,2022-01-01,0.123
13,2022-02-01,0.1229
13,2022-03-01,0.1594
13,2022-04-01,0.1711
13,2022-05-01,0.1507
13,2022-06-01,0.1271
13,2022-07-01,0.1506
13,2022-08-01,0.1935
13,2022-09-01,0.1929
13,2022-10-01,0.1557
13,2022-11-01,0.1499
13,2022-12-01,0.183
13,2023-01-01,0.165
13,2023-02-01,0.2003
13,2023-03-01,0.142
13,2023-04-01,0.1992
13,2023-05-01,0.1714
13,2023-06-01,0.1834
49,2022-01-01,0.1542
49,2022-02-01,0.1661
49,2022-03-01,0.1566
49,2022-04-01,0.186
49,2022-05-01,0.1707
49,2022-06-01,0.1323
49,2022-07-01,0.1679
49,2022-08-01,0.154
49,2022-09-01,0.153
49,2022-10-01,0.1904
49,2022-11-01,0.1893
49,2022-12-01,0.1563
49,2023-01-01,0.1897
49,2023-02-01,0.1694
49,2023-03-01,0.1948
49,2023-04-01,0.1797
49,2023-05-01,0.1603
49,2023-06-01,0.1885
78,2022-01-01,0.1559
78,2022-02-01,0.1863
78,2022-03-01,0.1971
78,2022-04-01,0.132
78,2022-05-01,0.2039
78,2022-06-01,0.1783
78,2022-07-01,0.1874
78,2022-08-01,0.1506
78,2022-09-01,0.2011
78,2022-10-01,0.1613
78,2022-11-01,0.1969
78,2022-12-01,0.2168
78,2023-01-01,0.2163
78,2023-02-01,0.2213
78,2023-03-01,0.2082
78,2023-04-01,0.2577
78,2023-05-01,0.2368
78,2023-06-01,0.2552
30,2022-01-01,0.1004
30,2022-02-01,0.0929
30,2022-03-01,0.0989
30,2022-04-01,0.1174
30,2022-05-01,0.0827
30,2022-06-01,0.1143
30,2022-07-01,0.1148
30,2022-08-01,0.1337
30,2022-09-01,0.1091
30,2022-10-01,0.175
30,2022-11-01,0.0943
30,2022-12-01,0.1469
30,2023-01-01,0.1385
30,2023-02-01,0.1365
30,2023-03-01,0.1089
30,2023-04-01,0.1541
30,2023-05-01,0.1352
30,2023-06-01,0.1693
80,2022-01-01,0.2038
80,2022-02-01,0.1893
80,2022-03-01,0.2198
80,2022-04-01,0.2469
80,2022-05-01,0.1956
80,2022-06-01,0.2294
80,2022-07-01,0.2134
80,2022-08-01,0.2372
80,2022-09-01,0.2417
80,2022-10-01,0.2194
80,2022-11-01,0.2371
80,2022-12-01,0.2396
80,2023-01-01,0.2584
80,2023-02-01,0.2115
80,2023-03-01,0.2522
80,2023-04-01,0.2847
80,2023-05-01,0.255
80,2023-06-01,0.2372
54,2022-01-01,0.0981
54,2022-02-01,0.0867
54,2022-03-01,0.0892
54,2022-04-01,0.0688
54,2022-05-01,0.0842
54,2022-06-01,0.077
54,2022-07-01,0.094
54,2022-08-01,0.1179
54,2022-09-01,0.1387
54,2022-10-01,0.1155
54,2022-11-01,0.1057
54,2022-12-01,0.0799
54,2023-01-01,0.1235
54,2023-02-01,0.1264
54,2023-03-01,0.1034
54,2023-04-01,0.1368
54,2023-05-01,0.1185
54,2023-06-01,0.1379
93,2022-01-01,0.1095
93,2022-02-01,0.1202
93,2022-03-01,0.1217
93,2022-04-01,0.1332
93,2022-05-01,0.16
93,2022-06-01,0.1491
93,2022-07-01,0.1227
93,2022-08-01,0.1348
93,2022-09-01,0.1043
93,2022-10-01,0.1193
93,2022-11-01,0.146
93,2022-12-01,0.1174
93,2023-01-01,0.1506
93,2023-02-01,0.164
93,2023-03-01,0.1649
93,2023-04-01,0.1116
93,2023-05-01,0.171
93,2023-06-01,0.1691
31,2022-01-01,0.2169
31,2022-02-01,0.2556
31,2022-03-01,0.2371
31,2022-04-01,0.2549
31,2022-05-01,0.2521
31,2022-06-01,0.2269
31,2022-07-01,0.2439
31,2022-08-01,0.2099
31,2022-09-01,0.2446
31,2022-10-01,0.2453
31,2022-11-01,0.2708
31,2022-12-01,0.2258
31,2023-01-01,0.239
31,2023-02-01,0.2595
31,2023-03-01,0.2544
31,2023-04-01,0.2718
31,2023-05-01,0.3023
31,2023-06-01,0.2873
99,2022-01-01,0.1505
99,2022-02-01,0.1504
99,2022-03-01,0.1494
99,2022-04-01,0.1566
99,2022-05-01,0.1769
99,2022-06-01,0.1716
99,2022-07-01,0.1679
99,2022-08-01,0.131
99,2022-09-01,0.2048
99,2022-10-01,0.1675
99,2022-11-01,0.2148
99,2022-12-01,0.1908
99,2023-01-01,0.1954
99,2023-02-01,0.1793
99,2023-03-01,0.2066
99,2023-04-01,0.184
99,2023-05-01,0.2072
99,2023-06-01,0.1876
84,2022-01-01,0.1431
84,2022-02-01,0.1484
84,2022-03-01,0.1316
84,2022-04-01,0.1309
84,2022-05-01,0.1416
84,2022-06-01,0.1314
84,2022-07-01,0.1209
84,2022-08-01,0.146
84,2022-09-01,0.1717
84,2022-10-01,0.1649
84,2022-11-01,0.1692
84,2022-12-01,0.1639
84,2023-01-01,0.2037
84,2023-02-01,0.1934
84,2023-03-01,0.1654
84,2023-04-01,0.1926
84,2023-05-01,0.1867
84,2023-06-01,0.1556
82,2022-01-01,0.2428
82,2022-02-01,0.2532
82,2022-03-01,0.2498
82,2022-04-01,0.252
82,2022-05-01,0.2262
82,2022-06-01,0.2494
82,2022-07-01,0.2646
82,2022-08-01,0.3174
82,2022-09-01,0.2826
82,2022-10-01,0.2721
82,2022-11-01,0.2715
82,2022-12-01,0.2912
82,2023-01-01,0.2464
82,2023-02-01,0.276
82,2023-03-01,0.2756
82,2023-04-01,0.2897
82,2023-05-01,0.2368
82,2023-06-01,0.3022
32,2022-01-01,0.1986
32,2022-02-01,0.1915
32,2022-03-01,0.1953
32,2022-04-01,0.1768
32,2022-05-01,0.2319
32,2022-06-01,0.1921
32,2022-07-01,0.1952
32,2022-08-01,0.2123
32,2022-09-01,0.1974
32,2022-10-01,0.2343
32,2022-11-01,0.2253
32,2022-12-01,0.2421
32,2023-01-01,0.2422
32,2023-02-01,0.2609
32,2023-03-01,0.2117
32,2023-04-01,0.243
32,2023-05-01,0.2593
32,2023-06-01,0.2201
72,2022-01-01,0.2053
72,2022-02-01,0.2245
72,2022-03-01,0.2341
72,2022-04-01,0.2589
72,2022-05-01,0.234
72,2022-06-01,0.2173
72,2022-07-01,0.2401
72,2022-08-01,0.2613
72,2022-09-01,0.2598
72,2022-10-01,0.2265
72,2022-11-01,0.2565
72,2022-12-01,0.2647
72,2023-01-01,0.232
72,2023-02-01,0.2729
72,2023-03-01,0.2588
72,2023-04-01,0.2696
72,2023-05-01,0.2643
72,2023-06-01,0.2987
63,2022-01-01,0.1412
63,2022-02-01,0.1363
63,2022-03-01,0.143
63,2022-04-01,0.1151
63,2022-05-01,0.1338
63,2022-06-01,0.159
63,2022-07-01,0.1218
63,2022-08-01,0.1806
63,2022-09-01,0.191
63,2022-10-01,0.1547
63,2022-11-01,0.1641
63,2022-12-01,0.1307
63,2023-01-01,0.1534
63,2023-02-01,0.16
63,2023-03-01,0.171
63,2023-04-01,0.1738
63,2023-05-01,0.1552
63,2023-06-01,0.1383
96,2022-01-01,0.0873
96,2022-02-01,0.0714
96,2022-03-01,0.0754
96,2022-04-01,0.0843
96,2022-05-01,0.0495
96,2022-06-01,0.0605
96,2022-07-01,0.0406
96,2022-08-01,0.0889
96,2022-09-01,0.0996
96,2022-10-01,0.1486
96,2022-11-01,0.0798
96,2022-12-01,0.0735
96,2023-01-01,0.1106
96,2023-02-01,0.1174
96,2023-03-01,0.1229
96,2023-04-01,0.0869
96,2023-05-01,0.1329
96,2023-06-01,0.1153
83,2022-01-01,0.2571
83,2022-02-01,0.2298
83,2022-03-01,0.2845
83,2022-04-01,0.232
83,2022-05-01,0.2743
83,2022-06-01,0.2765
83,2022-07-01,0.265
83,2022-08-01,0.2059
83,2022-09-01,0.2438
83,2022-10-01,0.2808
83,2022-11-01,0.2539
83,2022-12-01,0.2675
83,2023-01-01,0.2837
83,2023-02-01,0.2826
83,2023-03-01,0.2796
83,2023-04-01,0.2717
83,2023-05-01,0.2806
83,2023-06-01,0.2923
79,2022-01-01,0.225
79,2022-02-01,0.2642
79,2022-03-01,0.2085
79,2022-04-01,0.2252
79,2022-05-01,0.24
79,2022-06-01,0.2314
79,2022-07-01,0.2733
79,2022-08-01,0.2792
79,2022-09-01,0.2373
79,2022-10-01,0.2765
79,2022-11-01,0.313
79,2022-12-01,0.3021
79,2023-01-01,0.2614
79,2023-02-01,0.285
79,2023-03-01,0.318
79,2023-04-01,0.3188
79,2023-05-01,0.296
79,2023-06-01,0.2891
28,2022-01-01,0.1339
28,2022-02-01,0.1304
28,2022-03-01,0.1725
28,2022-04-01,0.1402
28,2022-05-01,0.1179
28,2022-06-01,0.157
28,2022-07-01,0.1633
28,2022-08-01,0.1388
28,2022-09-01,0.1154
28,2022-10-01,0.1823
28,2022-11-01,0.1768
28,2022-12-01,0.18
28,2023-01-01,0.1918
28,2023-02-01,0.1537
28,2023-03-01,0.2103
28,2023-04-01,0.1618
28,2023-05-01,0.1518
28,2023-06-01,0.1841
69,2022-01-01,0.2148
69,2022-02-01,0.2358
69,2022-03-01,0.2383
69,2022-04-01,0.2507
69,2022-05-01,0.2538
69,2022-06-01,0.248
69,2022-07-01,0.2351
69,2022-08-01,0.2654
69,2022-09-01,0.2761
69,2022-10-01,0.2602
69,2022-11-01,0.2339
69,2022-12-01,0.265
69,2023-01-01,0.2837
69,2023-02-01,0.254
69,2023-03-01,0.2546
69,2023-04-01,0.2753
69,2023-05-01,0.285
69,2023-06-01,0.2836
62,2022-01-01,0.1304
62,2022-02-01,0.1063
62,2022-03-01,0.1589
62,2022-04-01,0.1312
62,2022-05-01,0.158
62,2022-06-01,0.1703
62,2022-07-01,0.1341
62,2022-08-01,0.1095
62,2022-09-01,0.1532
62,2022-10-01,0.1527
62,2022-11-01,0.1586
62,2022-12-01,0.1693
62,2023-01-01,0.1937
62,2023-02-01,0.1746
62,2023-03-01,0.1753
62,2023-04-01,0.1753
62,2023-05-01,0.1316
62,2023-06-01,0.1627
51,2022-01-01,0.2397
51,2022-02-01,0.2576
51,2022-03-01,0.23
51,2022-04-01,0.2556
51,2022-05-01,0.2496
51,2022-06-01,0.2536
51,2022-07-01,0.3032
51,2022-08-01,0.2412
51,2022-09-01,0.2456
51,2022-10-01,0.3088
51,2022-11-01,0.2644
51,2022-12-01,0.276
51,2023-01-01,0.2544
51,2023-02-01,0.241
51,2023-03-01,0.2987
51,2023-04-01,0.2833
51,2023-05-01,0.2842
51,2023-06-01,0.3193
95,2022-01-01,0.113
95,2022-02-01,0.1044
95,2022-03-01,0.1574
95,2022-04-01,0.1358
95,2022-05-01,0.1159
95,2022-06-01,0.1614
95,2022-07-01,0.1551
95,2022-08-01,0.1427
95,2022-09-01,0.1385
95,2022-10-01,0.1396
95,2022-11-01,0.1329
95,2022-12-01,0.1492
95,2023-01-01,0.154
95,2023-02-01,0.1709
95,2023-03-01,0.1456
95,2023-04-01,0.1628
95,2023-05-01,0.1496
95,2023-06-01,0.167
17,2022-01-01,0.132
17,2022-02-01,0.1417
17,2022-03-01,0.1599
17,2022-04-01,0.1371
17,2022-05-01,0.1481
17,2022-06-01,0.1163
17,2022-07-01,0.1208
17,2022-08-01,0.1422
17,2022-09-01,0.1799
17,2022-10-01,0.1496
17,2022-11-01,0.1476
17,2022-12-01,0.1486
17,2023-01-01,0.1592
17,2023-02-01,0.2069
17,2023-03-01,0.1594
17,2023-04-01,0.1809
17,2023-05-01,0.1687
17,2023-06-01,0.1739
05,2022-01-01,0.0603
05,2022-02-01,0.0658
05,2022-03-01,0.0382
05,2022-04-01,0.0592
05,2022-05-01,0.0987
05,2022-06-01,0.0884
05,2022-07-01,0.0772
05,2022-08-01,0.05
05,2022-09-01,0.0732
05,2022-10-01,0.1007
05,2022-11-01,0.0621
05,2022-12-01,0.0766
05,2023-01-01,0.1158
05,2023-02-01,0.1232
05,2023-03-01,0.1172
05,2023-04-01,0.1076
05,2023-05-01,0.0902
05,2023-06-01,0.1243
73,2022-01-01,0.1345
73,2022-02-01,0.1453
73,2022-03-01,0.1678
73,2022-04-01,0.1452
73,2022-05-01,0.1622
73,2022-06-01,0.1346
73,2022-07-01,0.2174
73,2022-08-01,0.1399
73,2022-09-01,0.1845
73,2022-10-01,0.1542
73,2022-11-01,0.1678
73,2022-12-01,0.1684
73,2023-01-01,0.1386
73,2023-02-01,0.16
73,2023-03-01,0.181
73,2023-04-01,0.1868
73,2023-05-01,0.1661
73,2023-06-01,0.1851
81,2022-01-01,0.1464
81,2022-02-01,0.1694
81,2022-03-01,0.1702
81,2022-04-01,0.1974
81,2022-05-01,0.1911
81,2022-06-01,0.1597
81,2022-07-01,0.1943
81,2022-08-01,0.1491
81,2022-09-01,0.1257
81,2022-10-01,0.2148
81,2022-11-01,0.167
81,2022-12-01,0.1798
81,2023-01-01,0.1892
81,2023-02-01,0.2057
81,2023-03-01,0.1656
81,2023-04-01,0.202
81,2023-05-01,0.1967
81,2023-06-01,0.1792
55,2022-01-01,0.2237
55,2022-02-01,0.2109
55,2022-03-01,0.2674
55,2022-04-01,0.2195
55,2022-05-01,0.2459
55,2022-06-01,0.2563
55,2022-07-01,0.2177
55,2022-08-01,0.2443
55,2022-09-01,0.2374
55,2022-10-01,0.2413
55,2022-11-01,0.2265
55,2022-12-01,0.2341
55,2023-01-01,0.2282
55,2023-02-01,0.251
55,2023-03-01,0.2578
55,2023-04-01,0.2301
55,2023-05-01,0.2481
55,2023-06-01,0.2502
14,2022-01-01,0.0811
14,2022-02-01,0.0615
14,2022-03-01,0.0542
14,2022-04-01,0.0694
14,2022-05-01,0.0533
14,2022-06-01,0.0938
14,2022-07-01,0.066
14,2022-08-01,0.0912
14,2022-09-01,0.0924
14,2022-10-01,0.0984
14,2022-11-01,0.1021
14,2022-12-01,0.1119
14,2023-01-01,0.1031
14,2023-02-01,0.1232
14,2023-03-01,0.095
14,2023-04-01,0.1045
14,2023-05-01,0.0824
14,2023-06-01,0.1368
02,2022-01-01,0.1167
02,2022-02-01,0.1685
02,2022-03-01,0.1467
02,2022-04-01,0.1353
02,2022-05-01,0.1946
02,2022-06-01,0.1899
02,2022-07-01,0.1758
02,2022-08-01,0.1473
02,2022-09-01,0.1475
02,2022-10-01,0.2175
02,2022-11-01,0.1936
02,2022-12-01,0.1851
02,2023-01-01,0.2216
02,2023-02-01,0.1746
02,2023-03-01,0.1751
02,2023-04-01,0.2143
02,2023-05-01,0.1762
02,2023-06-01,0.216
07,2022-01-01,0.0543
07,2022-02-01,0.0874
07,2022-03-01,0.1026
07,2022-04-01,0.0963
07,2022-05-01,0.0934
07,2022-06-01,0.0646
07,2022-07-01,0.0562
07,2022-08-01,0.0677
07,2022-09-01,0.0862
07,2022-10-01,0.0981
07,2022-11-01,0.0697
07,2022-12-01,0.0949
07,2023-01-01,0.0403
07,2023-02-01,0.0969
07,2023-03-01,0.1065
07,2023-04-01,0.1299
07,2023-05-01,0.0795
07,2023-06-01,0.1037
38,2022-01-01,0.1976
38,2022-02-01,0.1176
38,2022-03-01,0.1613
38,2022-04-01,0.1985
38,2022-05-01,0.1686
38,2022-06-01,0.1888
38,2022-07-01,0.1652
38,2022-08-01,0.2012
38,2022-09-01,0.161
38,2022-10-01,0.1883
38,2022-11-01,0.2247
38,2022-12-01,0.1998
38,2023-01-01,0.218
38,2023-02-01,0.2132
38,2023-03-01,0.2045
38,2023-04-01,0.2257
38,2023-05-01,0.2065
38,2023-06-01,0.2398
92,2022-01-01,0.2507
92,2022-02-01,0.2329
92,2022-03-01,0.2583
92,2022-04-01,0.2276
92,2022-05-01,0.2388
92,2022-06-01,0.2312
92,2022-07-01,0.2314
92,2022-08-01,0.2274
92,2022-09-01,0.2845
92,2022-10-01,0.244
92,2022-11-01,0.2465
92,2022-12-01,0.2439
92,2023-01-01,0.22
92,2023-02-01,0.2454
92,2023-03-01,0.2644
92,2023-04-01,0.2142
92,2023-05-01,0.2649
92,2023-06-01,0.2314
53,2022-01-01,0.0663
53,2022-02-01,0.0508
53,2022-03-01,0.0399
53,2022-04-01,0.0675
53,2022-05-01,0.1079
53,2022-06-01,0.0882
53,2022-07-01,0.1007
53,2022-08-01,0.085
53,2022-09-01,0.0797
53,2022-10-01,0.1474
53,2022-11-01,0.1169
53,2022-12-01,0.105
53,2023-01-01,0.1458
53,2023-02-01,0.091
53,2023-03-01,0.1239
53,2023-04-01,0.1216
53,2023-05-01,0.1694
53,2023-06-01,0.1459
27,2022-01-01,0.1478
27,2022-02-01,0.1593
27,2022-03-01,0.1921
27,2022-04-01,0.1679
27,2022-05-01,0.192
27,2022-06-01,0.1796
27,2022-07-01,0.1725
27,2022-08-01,0.1842
27,2022-09-01,0.1986
27,2022-10-01,0.1966
27,2022-11-01,0.2037
27,2022-12-01,0.1747
27,2023-01-01,0.1643
27,2023-02-01,0.1753
27,2023-03-01,0.1728
27,2023-04-01,0.1872
27,2023-05-01,0.2066
27,2023-06-01,0.1695
56,2022-01-01,0.1645
56,2022-02-01,0.1959
56,2022-03-01,0.1799
56,2022-04-01,0.1746
56,2022-05-01,0.1428
56,2022-06-01,0.162
56,2022-07-01,0.1915
56,2022-08-01,0.1615
56,2022-09-01,0.171
56,2022-10-01,0.1761
56,2022-11-01,0.1761
56,2022-12-01,0.2282
56,2023-01-01,0.167
56,2023-02-01,0.1914
56,2023-03-01,0.2124
56,2023-04-01,0.1767
56,2023-05-01,0.1827
56,2023-06-01,0.1963
45,2022-01-01,0.1988
45,2022-02-01,0.1993
45,2022-03-01,0.2196
45,2022-04-01,0.2335
45,2022-05-01,0.2151
45,2022-06-01,0.2388
45,2022-07-01,0.253
45,2022-08-01,0.2055
45,2022-09-01,0.2293
45,2022-10-01,0.2181
45,2022-11-01,0.2566
45,2022-12-01,0.2256
45,2023-01-01,0.2278
45,2023-02-01,0.2479
45,2023-03-01,0.2321
45,2023-04-01,0.2562
45,2023-05-01,0.2859
45,2023-06-01,0.2611
67,2022-01-01,0.2376
67,2022-02-01,0.2444
67,2022-03-01,0.2553
67,2022-04-01,0.2716
67,2022-05-01,0.2357
67,2022-06-01,0.2602
67,2022-07-01,0.218
67,2022-08-01,0.2904
67,2022-09-01,0.2441
67,2022-10-01,0.3052
67,2022-11-01,0.2973
67,2022-12-01,0.2992
67,2023-01-01,0.2696
67,2023-02-01,0.2693
67,2023-03-01,0.2739
67,2023-04-01,0.2744
67,2023-05-01,0.3203
67,2023-06-01,0.2935
91,2022-01-01,0.2221
91,2022-02-01,0.2216
91,2022-03-01,0.2109
91,2022-04-01,0.1826
91,2022-05-01,0.2096
91,2022-06-01,0.2079
91,2022-07-01,0.2301
91,2022-08-01,0.2475
91,2022-09-01,0.2117
91,2022-10-01,0.235
91,2022-11-01,0.2383
91,2022-12-01,0.2049
91,2023-01-01,0.2533
91,2023-02-01,0.2402
91,2023-03-01,0.2487
91,2023-04-01,0.246
91,2023-05-01,0.2093
91,2023-06-01,0.2593
41,2022-01-01,0.0568
41,2022-02-01,0.0474
41,2022-03-01,0.035
41,2022-04-01,0.0604
41,2022-05-01,0.0814
41,2022-06-01,0.059
41,2022-07-01,0.0471
41,2022-08-01,0.0781
41,2022-09-01,0.0962
41,2022-10-01,0.0652
41,2022-11-01,0.0854
41,2022-12-01,0.0904
41,2023-01-01,0.0523
41,2023-02-01,0.1058
41,2023-03-01,0.1075
41,2023-04-01,0.0974
41,2023-05-01,0.0951
41,2023-06-01,0.0871
39,2022-01-01,0.2295
39,2022-02-01,0.2665
39,2022-03-01,0.2318
39,2022-04-01,0.2546
39,2022-05-01,0.2218
39,2022-06-01,0.2586
39,2022-07-01,0.2433
39,2022-08-01,0.266
39,2022-09-01,0.2942
39,2022-10-01,0.2412
39,2022-11-01,0.2773
39,2022-12-01,0.2502
39,2023-01-01,0.298
39,2023-02-01,0.3197
39,2023-03-01,0.3256
39,2023-04-01,0.2809
39,2023-05-01,0.2951
39,2023-06-01,0.304
15,2022-01-01,0.1002
15,2022-02-01,0.1073
15,2022-03-01,0.0962
15,2022-04-01,0.0956
15,2022-05-01,0.1195
15,2022-06-01,0.1146
15,2022-07-01,0.1258
15,2022-08-01,0.1107
15,2022-09-01,0.1162
15,2022-10-01,0.1096
15,2022-11-01,0.123
15,2022-12-01,0.1914
15,2023-01-01,0.1307
15,2023-02-01,0.1069
15,2023-03-01,0.1273
15,2023-04-01,0.1767
15,2023-05-01,0.1647
15,2023-06-01,0.1434
08,2022-01-01,0.1122
08,2022-02-01,0.131
08,2022-03-01,0.1211
08,2022-04-01,0.1444
08,2022-05-01,0.1168
08,2022-06-01,0.1189
08,2022-07-01,0.0856
08,2022-08-01,0.1198
08,2022-09-01,0.1241
08,2022-10-01,0.1384
08,2022-11-01,0.1641
08,2022-12-01,0.1364
08,2023-01-01,0.1497
08,2023-02-01,0.1642
08,2023-03-01,0.1392
08,2023-04-01,0.1325
08,2023-05-01,0.1584
08,2023-06-01,0.1457
16,2022-01-01,0.1852
16,2022-02-01,0.1645
16,2022-03-01,0.1749
16,2022-04-01,0.1933
16,2022-05-01,0.2375
16,2022-06-01,0.192
16,2022-07-01,0.2032
16,2022-08-01,0.1969
16,2022-09-01,0.2358
16,2022-10-01,0.2352
16,2022-11-01,0.2433
16,2022-12-01,0.1917
16,2023-01-01,0.2446
16,2023-02-01,0.2216
16,2023-03-01,0.2608
16,2023-04-01,0.2186
16,2023-05-01,0.2252
16,2023-06-01,0.2131
22,2022-01-01,0.0752
22,2022-02-01,0.0608
22,2022-03-01,0.1159
22,2022-04-01,0.1026
22,2022-05-01,0.1064
22,2022-06-01,0.1465
22,2022-07-01,0.119
22,2022-08-01,0.0938
22,2022-09-01,0.1091
22,2022-10-01,0.1275
22,2022-11-01,0.1105
22,2022-12-01,0.1178
22,2023-01-01,0.1023
22,2023-02-01,0.1448
22,2023-03-01,0.1268
22,2023-04-01,0.1181
22,2023-05-01,0.1627
22,2023-06-01,0.1621
35,2022-01-01,0.0825
35,2022-02-01,0.0794
35,2022-03-01,0.0724
35,2022-04-01,0.0888
35,2022-05-01,0.0836
35,2022-06-01,0.1477
35,2022-07-01,0.1175
35,2022-08-01,0.1196
35,2022-09-01,0.0817
35,2022-10-01,0.1136
35,2022-11-01,0.1022
35,2022-12-01,0.0922
35,2023-01-01,0.1327
35,2023-02-01,0.1007
35,2023-03-01,0.1254
35,2023-04-01,0.1225
35,2023-05-01,0.1204
35,2023-06-01,0.1593
98,2022-01-01,0.2078
98,2022-02-01,0.1889
98,2022-03-01,0.216
98,2022-04-01,0.2017
98,2022-05-01,0.1894
98,2022-06-01,0.2155
98,2022-07-01,0.1855
98,2022-08-01,0.2
98,2022-09-01,0.2321
98,2022-10-01,0.2153
98,2022-11-01,0.2252
98,2022-12-01,0.2404
98,2023-01-01,0.2302
98,2023-02-01,0.2414
98,2023-03-01,0.2339
98,2023-04-01,0.2597
98,2023-05-01,0.2321
98,2023-06-01,0.2449
74,2022-01-01,0.1984
74,2022-02-01,0.1559
74,2022-03-01,0.2205
74,2022-04-01,0.1749
74,2022-05-01,0.1752
74,2022-06-01,0.2069
74,2022-07-01,0.1896
74,2022-08-01,0.2009
74,2022-09-01,0.2302
74,2022-10-01,0.2051
74,2022-11-01,0.185
74,2022-12-01,0.2062
74,2023-01-01,0.1937
74,2023-02-01,0.2013
74,2023-03-01,0.2081
74,2023-04-01,0.2107
74,2023-05-01,0.1984
74,2023-06-01,0.224
48,2022-01-01,0.0416
48,2022-02-01,0.0578
48,2022-03-01,0.0548
48,2022-04-01,0.0583
48,2022-05-01,0.0795
48,2022-06-01,0.0709
48,2022-07-01,0.0956
48,2022-08-01,0.0606
48,2022-09-01,0.0947
48,2022-10-01,0.0659
48,2022-11-01,0.0563
48,2022-12-01,0.0157
48,2023-01-01,0.104
48,2023-02-01,0.0647
48,2023-03-01,0.0866
48,2023-04-01,0.1135
48,2023-05-01,0.1203
48,2023-06-01,0.0787
46,2022-01-01,0.0713
46,2022-02-01,0.0449
46,2022-03-01,0.0454
46,2022-04-01,0.0483
46,2022-05-01,0.0418
46,2022-06-01,0.0563
46,2022-07-01,0.0647
46,2022-08-01,0.0747
46,2022-09-01,0.0799
46,2022-10-01,0.1013
46,2022-11-01,0.1039
46,2022-12-01,0.077
46,2023-01-01,0.0747
46,2023-02-01,0.0402
46,2023-03-01,0.0978
46,2023-04-01,0.112
46,2023-05-01,0.1365
46,2023-06-01,0.0845
52,2022-01-01,0.0955
52,2022-02-01,0.0842
52,2022-03-01,0.084
52,2022-04-01,0.1054
52,2022-05-01,0.065
52,2022-06-01,0.1116
52,2022-07-01,0.0985
52,2022-08-01,0.1246
52,2022-09-01,0.0782
52,2022-10-01,0.1145
52,2022-11-01,0.0746
52,2022-12-01,0.1106
52,2023-01-01,0.1419
52,2023-02-01,0.0848
52,2023-03-01,0.1015
52,2023-04-01,0.0792
52,2023-05-01,0.1083
52,2023-06-01,0.1256
66,2022-01-01,0.0778
66,2022-02-01,0.0946
66,2022-03-01,0.0812
66,2022-04-01,0.0938
66,2022-05-01,0.1233
66,2022-06-01,0.0607
66,2022-07-01,0.065
66,2022-08-01,0.0739
66,2022-09-01,0.0884
66,2022-10-01,0.1184
66,2022-11-01,0.1199
66,2022-12-01,0.0887
66,2023-01-01,0.1104
66,2023-02-01,0.1137
66,2023-03-01,0.13
66,2023-04-01,0.1003
66,2023-05-01,0.1293
66,2023-06-01,0.1357
77,2022-01-01,0.1342
77,2022-02-01,0.1419
77,2022-03-01,0.1598
77,2022-04-01,0.2131
77,2022-05-01,0.1741
77,2022-06-01,0.1716
77,2022-07-01,0.1595
77,2022-08-01,0.1745
77,2022-09-01,0.1648
77,2022-10-01,0.1781
77,2022-11-01,0.1464
77,2022-12-01,0.1949
77,2023-01-01,0.2099
77,2023-02-01,0.1869
77,2023-03-01,0.2025
77,2023-04-01,0.1712
77,2023-05-01,0.1925
77,2023-06-01,0.2203
19,2022-01-01,0.1039
19,2022-02-01,0.1209
19,2022-03-01,0.0805
19,2022-04-01,0.0899
19,2022-05-01,0.0668
19,2022-06-01,0.0817
19,2022-07-01,0.1052
19,2022-08-01,0.11
19,2022-09-01,0.087
19,2022-10-01,0.0944
19,2022-11-01,0.0873
19,2022-12-01,0.1247
19,2023-01-01,0.1334
19,2023-02-01,0.0981
19,2023-03-01,0.1293
19,2023-04-01,0.0973
19,2023-05-01,0.1376
19,2023-06-01,0.1293
06,2022-01-01,0.1856
06,2022-02-01,0.1877
06,2022-03-01,0.1849
06,2022-04-01,0.1944
06,2022-05-01,0.2198
06,2022-06-01,0.1959
06,2022-07-01,0.2131
06,2022-08-01,0.1905
06,2022-09-01,0.1851
06,2022-10-01,0.2546
06,2022-11-01,0.2381
06,2022-12-01,0.2047
06,2023-01-01,0.2401
06,2023-02-01,0.2623
06,2023-03-01,0.2323
06,2023-04-01,0.2482
06,2023-05-01,0.2416
06,2023-06-01,0.2265
75,2022-01-01,0.1884
75,2022-02-01,0.2096
75,2022-03-01,0.219
75,2022-04-01,0.1854
75,2022-05-01,0.1774
75,2022-06-01,0.2313
75,2022-07-01,0.2037
75,2022-08-01,0.2314
75,2022-09-01,0.2162
75,2022-10-01,0.2565
75,2022-11-01,0.2291
75,2022-12-01,0.2178
75,2023-01-01,0.2537
75,2023-02-01,0.2297
75,2023-03-01,0.2651
75,2023-04-01,0.2241
75,2023-05-01,0.2253
75,2023-06-01,0.2618
94,2022-01-01,0.2313
94,2022-02-01,0.2087
94,2022-03-01,0.2945
94,2022-04-01,0.2073
94,2022-05-01,0.2461
94,2022-06-01,0.2529
94,2022-07-01,0.2331
94,2022-08-01,0.261
94,2022-09-01,0.2605
94,2022-10-01,0.2514
94,2022-11-01,0.2626
94,2022-12-01,0.263
94,2023-01-01,0.2827
94,2023-02-01,0.2832
94,2023-03-01,0.2693
94,2023-04-01,0.2581
94,2023-05-01,0.2802
94,2023-06-01,0.2815
25,2022-01-01,0.1171
25,2022-02-01,0.0942
25,2022-03-01,0.1164
25,2022-04-01,0.1164
25,2022-05-01,0.1113
25,2022-06-01,0.135
25,2022-07-01,0.1367
25,2022-08-01,0.1063
25,2022-09-01,0.1092
25,2022-10-01,0.1469
25,2022-11-01,0.133
25,2022-12-01,0.181
25,2023-01-01,0.1705
25,2023-02-01,0.1689
25,2023-03-01,0.1526
25,2023-04-01,0.1782
25,2023-05-01,0.1681
25,2023-06-01,0.1857
58,2022-01-01,0.1853
58,2022-02-01,0.154
58,2022-03-01,0.2152
58,2022-04-01,0.1798
58,2022-05-01,0.195
58,2022-06-01,0.2062
58,2022-07-01,0.1658
58,2022-08-01,0.2013
58,2022-09-01,0.204
58,2022-10-01,0.1956
58,2022-11-01,0.1981
58,2022-12-01,0.2092
58,2023-01-01,0.2318
58,2023-02-01,0.2129
58,2023-03-01,0.204
58,2023-04-01,0.2357
58,2023-05-01,0.2244
58,2023-06-01,0.2052
01,2022-01-01,0.1487
01,2022-02-01,0.1089
01,2022-03-01,0.1038
01,2022-04-01,0.1424
01,2022-05-01,0.1287
01,2022-06-01,0.1248
01,2022-07-01,0.1226
01,2022-08-01,0.1152
01,2022-09-01,0.1278
01,2022-10-01,0.1497
01,2022-11-01,0.1342
01,2022-12-01,0.1681
01,2023-01-01,0.1457
01,2023-02-01,0.1501
01,2023-03-01,0.1597
01,2023-04-01,0.1944
01,2023-05-01,0.1578
01,2023-06-01,0.1871
24,2022-01-01,0.0432
24,2022-02-01,0.0571
24,2022-03-01,0.0635
24,2022-04-01,0.0737
24,2022-05-01,0.0823
24,2022-06-01,0.0695
24,2022-07-01,0.0549
24,2022-08-01,0.0869
24,2022-09-01,0.1102
24,2022-10-01,0.0897
24,2022-11-01,0.105
24,2022-12-01,0.0846
24,2023-01-01,0.0835
24,2023-02-01,0.1191
24,2023-03-01,0.1159
24,2023-04-01,0.1245
24,2023-05-01,0.1297
24,2023-06-01,0.1083
18,2022-01-01,0.1993
18,2022-02-01,0.1907
18,2022-03-01,0.1491
18,2022-04-01,0.209
18,2022-05-01,0.1664
18,2022-06-01,0.178
18,2022-07-01,0.176
18,2022-08-01,0.1862
18,2022-09-01,0.1724
18,2022-10-01,0.1726
18,2022-11-01,0.171
18,2022-12-01,0.2086
18,2023-01-01,0.1805
18,2023-02-01,0.1446
18,2023-03-01,0.1967
18,2023-04-01,0.2038
18,2023-05-01,0.2108
18,2023-06-01,0.2212
36,2022-01-01,0.2298
36,2022-02-01,0.1919
36,2022-03-01,0.2066
36,2022-04-01,0.2005
36,2022-05-01,0.1921
36,2022-06-01,0.1682
36,2022-07-01,0.2271
36,2022-08-01,0.2154
36,2022-09-01,0.2115
36,2022-10-01,0.2102
36,2022-11-01,0.2127
36,2022-12-01,0.2037
36,2023-01-01,0.2252
36,2023-02-01,0.2247
36,2023-03-01,0.2273
36,2023-04-01,0.2242
36,2023-05-01,0.2275
36,2023-06-01,0.2554
12,2022-01-01,0.0923
12,2022-02-01,0.1087
12,2022-03-01,0.11
12,2022-04-01,0.149
12,2022-05-01,0.093
12,2022-06-01,0.0973
12,2022-07-01,0.1206
12,2022-08-01,0.155
12,2022-09-01,0.0936
12,2022-10-01,0.1375
12,2022-11-01,0.1682
12,2022-12-01,0.1385
12,2023-01-01,0.1135
12,2023-02-01,0.1353
12,2023-03-01,0.1299
12,2023-04-01,0.1657
12,2023-05-01,0.1345
12,2023-06-01,0.1338
29,2022-01-01,0.1504
29,2022-02-01,0.1337
29,2022-03-01,0.1907
29,2022-04-01,0.1932
29,2022-05-01,0.1963
29,2022-06-01,0.1872
29,2022-07-01,0.2005
29,2022-08-01,0.1774
29,2022-09-01,0.1831
29,2022-10-01,0.1723
29,2022-11-01,0.1886
29,2022-12-01,0.1669
29,2023-01-01,0.2126
29,2023-02-01,0.2002
29,2023-03-01,0.1915
29,2023-04-01,0.1939
29,2023-05-01,0.197
29,2023-06-01,0.2034
57,2022-01-01,0.1138
57,2022-02-01,0.0805
57,2022-03-01,0.1535
57,2022-04-01,0.1597
57,2022-05-01,0.168
57,2022-06-01,0.1159
57,2022-07-01,0.1637
57,2022-08-01,0.1547
57,2022-09-01,0.1448
57,2022-10-01,0.1559
57,2022-11-01,0.1532
57,2022-12-01,0.1574
57,2023-01-01,0.1326
57,2023-02-01,0.176
57,2023-03-01,0.1953
57,2023-04-01,0.1759
57,2023-05-01,0.1745
57,2023-06-01,0.1317
59,2022-01-01,0.2461
59,2022-02-01,0.2165
59,2022-03-01,0.2735
59,2022-04-01,0.2599
59,2022-05-01,0.2359
59,2022-06-01,0.2597
59,2022-07-01,0.2484
59,2022-08-01,0.2757
59,2022-09-01,0.2717
59,2022-10-01,0.2771
59,2022-11-01,0.2642
59,2022-12-01,0.2614
59,2023-01-01,0.2735
59,2023-02-01,0.2483
59,2023-03-01,0.2947
59,2023-04-01,0.2488
59,2023-05-01,0.2848
59,2023-06-01,0.2781
04,2022-01-01,0.1554
04,2022-02-01,0.1865
04,2022-03-01,0.1355
04,2022-04-01,0.1695
04,2022-05-01,0.1713
04,2022-06-01,0.1503
04,2022-07-01,0.1702
04,2022-08-01,0.1924
04,2022-09-01,0.1669
04,2022-10-01,0.1695
04,2022-11-01,0.1702
04,2022-12-01,0.1936
04,2023-01-01,0.1723
04,2023-02-01,0.1704
04,2023-03-01,0.2144
04,2023-04-01,0.2125
04,2023-05-01,0.2218
04,2023-06-01,0.1927
86,2022-01-01,0.1
86,2022-02-01,0.1542
86,2022-03-01,0.0758
86,2022-04-01,0.1288
86,2022-05-01,0.1415
86,2022-06-01,0.1516
86,2022-07-01,0.1794
86,2022-08-01,0.1688
86,2022-09-01,0.1401
86,2022-10-01,0.1695
86,2022-11-01,0.1534
86,2022-12-01,0.1455
86,2023-01-01,0.1721
86,2023-02-01,0.133
86,2023-03-01,0.1881
86,2023-04-01,0.1848
86,2023-05-01,0.167
86,2023-06-01,0.1678
11,2022-01-01,0.1937
11,2022-02-01,0.1567
11,2022-03-01,0.1742
11,2022-04-01,0.21
11,2022-05-01,0.1853
11,2022-06-01,0.1956
11,2022-07-01,0.192
11,2022-08-01,0.1942
11,2022-09-01,0.1566
11,2022-10-01,0.2068
11,2022-11-01,0.2224
11,2022-12-01,0.2119
11,2023-01-01,0.1875
11,2023-02-01,0.174
11,2023-03-01,0.215
11,2023-04-01,0.2174
11,2023-05-01,0.2157
11,2023-06-01,0.2436
21,2022-01-01,0.1444
21,2022-02-01,0.139
21,2022-03-01,0.1607
21,2022-04-01,0.1401
21,2022-05-01,0.139
21,2022-06-01,0.1557
21,2022-07-01,0.1581
21,2022-08-01,0.1809
21,2022-09-01,0.1875
21,2022-10-01,0.1716
21,2022-11-01,0.1391
21,2022-12-01,0.1868
21,2023-01-01,0.1593
21,2023-02-01,0.1553
21,2023-03-01,0.2006
21,2023-04-01,0.1909
21,2023-05-01,0.1564
21,2023-06-01,0.1979
87,2022-01-01,0.1469
87,2022-02-01,0.1792
87,2022-03-01,0.1951
87,2022-04-01,0.2068
87,2022-05-01,0.1957
87,2022-06-01,0.1992
87,2022-07-01,0.2217
87,2022-08-01,0.1908
87,2022-09-01,0.1746
87,2022-10-01,0.163
87,2022-11-01,0.1965
87,2022-12-01,0.246
87,2023-01-01,0.1953
87,2023-02-01,0.2228
87,2023-03-01,0.2077
87,2023-04-01,0.2491
87,2023-05-01,0.2171
87,2023-06-01,0.2209
26,2022-01-01,0.0874
26,2022-02-01,0.1321
26,2022-03-01,0.127
26,2022-04-01,0.0968
26,2022-05-01,0.1151
26,2022-06-01,0.1148
26,2022-07-01,0.0997
26,2022-08-01,0.1387
26,2022-09-01,0.0935
26,2022-10-01,0.1329
26,2022-11-01,0.1724
26,2022-12-01,0.1291
26,2023-01-01,0.1345
26,2023-02-01,0.1754
26,2023-03-01,0.1807
26,2023-04-01,0.1872
26,2023-05-01,0.1526
26,2023-06-01,0.1848
20,2022-01-01,0.2313
20,2022-02-01,0.2125
20,2022-03-01,0.2177
20,2022-04-01,0.1791
20,2022-05-01,0.1857
20,2022-06-01,0.2113
20,2022-07-01,0.2417
20,2022-08-01,0.2001
20,2022-09-01,0.2179
20,2022-10-01,0.2542
20,2022-11-01,0.2496
20,2022-12-01,0.2406
20,2023-01-01,0.2537
20,2023-02-01,0.2427
20,2023-03-01,0.2595
20,2023-04-01,0.2631
20,2023-05-01,0.2736
20,2023-06-01,0.2532
10,2022-01-01,0.142
10,2022-02-01,0.1335
10,2022-03-01,0.1518
10,2022-04-01,0.1752
10,2022-05-01,0.1689
10,2022-06-01,0.1336
10,2022-07-01,0.1253
10,2022-08-01,0.1407
10,2022-09-01,0.1473
10,2022-10-01,0.2058
10,2022-11-01,0.163
10,2022-12-01,0.1654
10,2023-01-01,0.166
10,2023-02-01,0.1533
10,2023-03-01,0.1721
10,2023-04-01,0.1594
10,2023-05-01,0.1681
10,2023-06-01,0.1649
34,2022-01-01,0.2011
34,2022-02-01,0.1943
34,2022-03-01,0.2039
34,2022-04-01,0.1852
34,2022-05-01,0.1858
34,2022-06-01,0.2031
34,2022-07-01,0.2047
34,2022-08-01,0.2415
34,2022-09-01,0.2212
34,2022-10-01,0.2173
34,2022-11-01,0.2429
34,2022-12-01,0.2626
34,2023-01-01,0.2343
34,2023-02-01,0.2604
34,2023-03-01,0.2491
34,2023-04-01,0.2759
34,2023-05-01,0.2616
34,2023-06-01,0.2454
70,2022-01-01,0.072
70,2022-02-01,0.055
70,2022-03-01,0.0723
70,2022-04-01,0.0845
70,2022-05-01,0.1158
70,2022-06-01,0.082
70,2022-07-01,0.0901
70,2022-08-01,0.041
70,2022-09-01,0.1006
70,2022-10-01,0.0726
70,2022-11-01,0.0823
70,2022-12-01,0.1001
70,2023-01-01,0.0701
70,2023-02-01,0.1096
70,2023-03-01,0.102
70,2023-04-01,0.0982
70,2023-05-01,0.0811
70,2023-06-01,0.0912
03,2022-01-01,0.1503
03,2022-02-01,0.0997
03,2022-03-01,0.0665
03,2022-04-01,0.1431
03,2022-05-01,0.1274
03,2022-06-01,0.1051
03,2022-07-01,0.1479
03,2022-08-01,0.1619
03,2022-09-01,0.1054
03,2022-10-01,0.1048
03,2022-11-01,0.1423
03,2022-12-01,0.1586
03,2023-01-01,0.1536
03,2023-02-01,0.148
03,2023-03-01,0.1405
03,2023-04-01,0.1115
03,2023-05-01,0.1615
03,2023-06-01,0.1359
64,2022-01-01,0.0546
64,2022-02-01,0.0485
64,2022-03-01,0.0401
64,2022-04-01,0.0987
64,2022-05-01,0.0408
64,2022-06-01,0.0439
64,2022-07-01,0.0928
64,2022-08-01,0.0902
64,2022-09-01,0.0982
64,2022-10-01,0.0881
64,2022-11-01,0.1126
64,2022-12-01,0.1166
64,2023-01-01,0.0921
64,2023-02-01,0.0966
64,2023-03-01,0.1254
64,2023-04-01,0.0839
64,2023-05-01,0.1102
64,2023-06-01,0.1259
40,2022-01-01,0.0931
40,2022-02-01,0.1003
40,2022-03-01,0.1158
40,2022-04-01,0.1132
40,2022-05-01,0.0821
40,2022-06-01,0.0963
40,2022-07-01,0.0896
40,2022-08-01,0.1063
40,2022-09-01,0.106
40,2022-10-01,0.1026
40,2022-11-01,0.089
40,2022-12-01,0.1035
40,2023-01-01,0.1697
40,2023-02-01,0.1492
40,2023-03-01,0.1264
40,2023-04-01,0.0958
40,2023-05-01,0.1558
40,2023-06-01,0.1892
43,2022-01-01,0.0475
43,2022-02-01,0.0548
43,2022-03-01,0.0787
43,2022-04-01,0.0457
43,2022-05-01,0.1035
43,2022-06-01,0.098
43,2022-07-01,0.1343
43,2022-08-01,0.1044
43,2022-09-01,0.0973
43,2022-10-01,0.1239
43,2022-11-01,0.0823
43,2022-12-01,0.078
43,2023-01-01,0.1052
43,2023-02-01,0.1409
43,2023-03-01,0.0865
43,2023-04-01,0.0967
43,2023-05-01,0.1078
43,2023-06-01,0.1159
97,2022-01-01,0.1517
97,2022-02-01,0.1373
97,2022-03-01,0.1917
97,2022-04-01,0.1597
97,2022-05-01,0.1878
97,2022-06-01,0.1717
97,2022-07-01,0.152
97,2022-08-01,0.1803
97,2022-09-01,0.1749
97,2022-10-01,0.1871
97,2022-11-01,0.1894
97,2022-12-01,0.1823
97,2023-01-01,0.1715
97,2023-02-01,0.2032
97,2023-03-01,0.1713
97,2023-04-01,0.1875
97,2023-05-01,0.2149
97,2023-06-01,0.2481
23,2022-01-01,0.1243
23,2022-02-01,0.1745
23,2022-03-01,0.1294
23,2022-04-01,0.139
23,2022-05-01,0.1387
23,2022-06-01,0.1284
23,2022-07-01,0.1533
23,2022-08-01,0.1675
23,2022-09-01,0.1523
23,2022-10-01,0.1703
23,2022-11-01,0.1507
23,2022-12-01,0.181
23,2023-01-01,0.1716
23,2023-02-01,0.1576
23,2023-03-01,0.1691
23,2023-04-01,0.1724
23,2023-05-01,0.1777
23,2023-06-01,0.1412
